SID,SEASON,NUMBER,BASIN,SUBBASIN,NAME,ISO_TIME,NATURE,LAT,LON,WMO_WIND,WMO_PRES,WMO_AGENCY,TRACK_TYPE,DIST2LAND,LANDFALL,IFLAG,USA_AGENCY,USA_ATCF_ID,USA_LAT,USA_LON,USA_RECORD,USA_STATUS,USA_WIND,USA_PRES,USA_SSHS,USA_R34_NE,USA_R34_SE,USA_R34_SW,USA_R34_NW,USA_R50_NE,USA_R50_SE,USA_R50_SW,USA_R50_NW,USA_R64_NE,USA_R64_SE,USA_R64_SW,USA_R64_NW,USA_POCI,USA_ROCI,USA_RMW,USA_EYE,TOKYO_LAT,TOKYO_LON,TOKYO_GRADE,TOKYO_WIND,TOKYO_PRES,TOKYO_R50_DIR,TOKYO_R50_LONG,TOKYO_R50_SHORT,TOKYO_R30_DIR,TOKYO_R30_LONG,TOKYO_R30_SHORT,TOKYO_LAND,CMA_LAT,CMA_LON,CMA_CAT,CMA_WIND,CMA_PRES,HKO_LAT,HKO_LON,HKO_CAT,HKO_WIND,HKO_PRES,KMA_LAT,KMA_LON,KMA_CAT,KMA_WIND,KMA_PRES,KMA_R50_DIR,KMA_R50_LONG,KMA_R50_SHORT,KMA_R30_DIR,KMA_R30_LONG,KMA_R30_SHORT,NEWDELHI_LAT,NEWDELHI_LON,NEWDELHI_GRADE,NEWDELHI_WIND,NEWDELHI_PRES,NEWDELHI_CI,NEWDELHI_DP,NEWDELHI_POCI,REUNION_LAT,REUNION_LON,REUNION_TYPE,REUNION_WIND,REUNION_PRES,REUNION_TNUM,REUNION_CI,REUNION_RMW,REUNION_R34_NE,REUNION_R34_SE,REUNION_R34_SW,REUNION_R34_NW,REUNION_R50_NE,REUNION_R50_SE,REUNION_R50_SW,REUNION_R50_NW,REUNION_R64_NE,REUNION_R64_SE,REUNION_R64_SW,REUNION_R64_NW,BOM_LAT,BOM_LON,BOM_TYPE,BOM_WIND,BOM_PRES,BOM_TNUM,BOM_CI,BOM_RMW,BOM_R34_NE,BOM_R34_SE,BOM_R34_SW,BOM_R34_NW,BOM_R50_NE,BOM_R50_SE,BOM_R50_SW,BOM_R50_NW,BOM_R64_NE,BOM_R64_SE,BOM_R64_SW,BOM_R64_NW,BOM_ROCI,BOM_POCI,BOM_EYE,BOM_POS_METHOD,BOM_PRES_METHOD,NADI_LAT,NADI_LON,NADI_CAT,NADI_WIND,NADI_PRES,WELLINGTON_LAT,WELLINGTON_LON,WELLINGTON_WIND,WELLINGTON_PRES,DS824_LAT,DS824_LON,DS824_STAGE,DS824_WIND,DS824_PRES,TD9636_LAT,TD9636_LON,TD9636_STAGE,TD9636_WIND,TD9636_PRES,TD9635_LAT,TD9635_LON,TD9635_WIND,TD9635_PRES,TD9635_ROCI,NEUMANN_LAT,NEUMANN_LON,NEUMANN_CLASS,NEUMANN_WIND,NEUMANN_PRES,MLC_LAT,MLC_LON,MLC_CLASS,MLC_WIND,MLC_PRES,USA_GUST,BOM_GUST,BOM_GUST_PER,REUNION_GUST,REUNION_GUST_PER,USA_SEAHGT,USA_SEARAD_NE,USA_SEARAD_SE,USA_SEARAD_SW,USA_SEARAD_NW,STORM_SPEED,STORM_DIR
 ,Year, , , , , , ,degrees_north,degrees_east,kts,mb, , ,km,km, , , ,degrees_north,degrees_east, , ,kts,mb,1,nmile,nmile,nmile,nmile,nmile,nmile,nmile,nmile,nmile,nmile,nmile,nmile,mb,nmile,nmile,nmile,degrees_north,degrees_east,1,kts,mb, ,nmile,nmile, ,nmile,nmile,1,degrees_north,degrees_east,1,kts,mb,degrees_north,degrees_east, ,kts,mb,degrees_north,degrees_east, ,kts,mb, ,nmile,nmile, ,nmile,nmile,degrees_north,degrees_east, ,kts,mb,1,mb,mb,degrees_north,degrees_east, ,kts,mb,1,1,nmile,nmile,nmile,nmile,nmile,nmile,nmile,nmile,nmile,nmile,nmile,nmile,nmile,degrees_north,degrees_east, ,kts,mb,1,1,nmile,nmile,nmile,nmile,nmile,nmile,nmile,nmile,nmile,nmile,nmile,nmile,nmile,nmile,mb,nmile, , ,degrees_north,degrees_east,1,kts,mb,degrees_north,degrees_east,kts,mb,degrees_north,degrees_east, ,kts,mb,degrees_north,degrees_east, ,kts,mb,degrees_north,degrees_east,kts,mb,nmile,degrees_north,degrees_east, ,kts,mb,degrees_north,degrees_east, ,kts,mb,kts,kts,second,kts,second,ft,nmile,nmile,nmile,nmile,kts,degrees
2026254N11252,2026,67,EP,MM,NOLO,2026-09-10 12:00:00,DS,10.5,-108.5, , , ,PROVISIONAL,1025,1018,O______________,nhc_working_bt,EP152026,10.5,-108.5, ,DB,15, ,-3, , , , , , , , , , , , , , , , , , , , , , , , , , , , , , , , , , , , , , , , , , , , , , , , , , , , , , , , , , , , , , , , , , , , , , , , , , , , , , , , , , , , , , , , , , , , , , , , , , , , , , , , , , , , , , , , , , , , , , , , , , , , , , , , , , , , , , , , , , , , , , , , , , ,12,300
2026254N11252,2026,67,EP,MM,NOLO,2026-09-10 15:00:00,DS,10.8,-109.0, , , ,PROVISIONAL,1027,1021,P______________, ,EP152026,10.8,-109.0, ,DB,15, ,-3, , , , , , , , , , , , , , , , , , , , , , , , , , , , , , , , , , , , , , , , , , , , , , , , , , , , , , , , , , , , , , , , , , , , , , , , , , , , , , , , , , , , , , , , , , , , , , , , , , , , , , , , , , , , , , , , , , , , , , , , , , , , , , , , , , , , , , , , , , , , , , , , , , ,12,300
2026254N11252,2026,67,EP,MM,NOLO,2026-09-10 18:00:00,DS,11.1,-109.5, , , ,PROVISIONAL,1032,1030,O______________,nhc_working_bt,EP152026,11.1,-109.5, ,DB,15, ,-3, , , , , , , , , , , , , , , , , , , , , , , , , , , , , , , , , , , , , , , , , , , , , , , , , , , , , , , , , , , , , , , , , , , , , , , , , , , , , , , , , , , , , , , , , , , , , , , , , , , , , , , , , , , , , , , , , , , , , , , , , , , , , , , , , , , , , , , , , , , , , , , , , , ,11,300
2026254N11252,2026,67,EP,MM,NOLO,2026-09-10 21:00:00,DS,11.4,-110.0, , , ,PROVISIONAL,1035,1035,P______________, ,EP152026,11.4,-110.0, ,DB,15, ,-3, , , , , , , , , , , , , , , , , , , , , , , , , , , , , , , , , , , , , , , , , , , , , , , , , , , , , , , , , , , , , , , , , , , , , , , , , , , , , , , , , , , , , , , , , , , , , , , , , , , , , , , , , , , , , , , , , , , , , , , , , , , , , , , , , , , , , , , , , , , , , , , , , , ,11,295
2026254N11252,2026,67,EP,MM,NOLO,2026-09-11 00:00:00,DS,11.6,-110.5, , , ,PROVISIONAL,1047,1047,O______________,nhc_working_bt,EP152026,11.6,-110.5, ,DB,15, ,-3, , , , , , , , , , , , , , , , , , , , , , , , , , , , , , , , , , , , , , , , , , , , , , , , , , , , , , , , , , , , , , , , , , , , , , , , , , , , , , , , , , , , , , , , , , , , , , , , , , , , , , , , , , , , , , , , , , , , , , , , , , , , , , , , , , , , , , , , , , , , , , , , , , ,10,290
2026254N11252,2026,67,EP,MM,NOLO,2026-09-11 03:00:00,DS,11.8,-111.0, , , ,PROVISIONAL,1061,1061,P______________, ,EP152026,11.8,-111.0, ,DB,18, ,-3, , , , , , , , , , , , , , , , , , , , , , , , , , , , , , , , , , , , , , , , , , , , , , , , , , , , , , , , , , , , , , , , , , , , , , , , , , , , , , , , , , , , , , , , , , , , , , , , , , , , , , , , , , , , , , , , , , , , , , , , , , , , , , , , , , , , , , , , , , , , , , , , , , ,9,290
2026254N11252,2026,67,EP,MM,NOLO,2026-09-11 06:00:00,DS,11.9,-111.4, , , ,PROVISIONAL,1080,1078,O______________,nhc_working_bt,EP152026,11.9,-111.4, ,DB,20, ,-3, , , , , , , , , , , , , , , , , , , , , , , , , , , , , , , , , , , , , , , , , , , , , , , , , , , , , , , , , , , , , , , , , , , , , , , , , , , , , , , , , , , , , , , , , , , , , , , , , , , , , , , , , , , , , , , , , , , , , , , , , , , , , , , , , , , , , , , , , , , , , , , , , , ,9,290
2026254N11252,2026,67,EP,MM,NOLO,2026-09-11 09:00:00,DS,12.1,-111.8, , , ,PROVISIONAL,1092,1092,P______________, ,EP152026,12.1,-111.8, ,DB,20, ,-3, , , , , , , , , , , , , , , , , , , , , , , , , , , , , , , , , , , , , , , , , , , , , , , , , , , , , , , , , , , , , , , , , , , , , , , , , , , , , , , , , , , , , , , , , , , , , , , , , , , , , , , , , , , , , , , , , , , , , , , , , , , , , , , , , , , , , , , , , , , , , , , , , , ,9,295
2026254N11252,2026,67,EP,MM,NOLO,2026-09-11 12:00:00,DS,12.3,-112.2, , , ,PROVISIONAL,1105,1105,O______________,nhc_working_bt,EP152026,12.3,-112.2, ,DB,20,1009,-3, , , , , , , , , , , , ,1010,120,90, , , , , , , , , , , , , , , , , , , , , , , , , , , , , , , , , , , , , , , , , , , , , , , , , , , , , , , , , , , , , , , , , , , , , , , , , , , , , , , , , , , , , , , , , , , , , , , , , , , , , , , , , , , , , , , , , , , , , , , , , , , , , , , , , , , ,10,300
2026254N11252,2026,67,EP,MM,NOLO,2026-09-11 15:00:00,DS,12.6,-112.7, , , ,PROVISIONAL,1120,1119,P______________, ,EP152026,12.6,-112.7, ,DB,20,1009,-3, , , , , , , , , , , , ,1010,120,90, , , , , , , , , , , , , , , , , , , , , , , , , , , , , , , , , , , , , , , , , , , , , , , , , , , , , , , , , , , , , , , , , , , , , , , , , , , , , , , , , , , , , , , , , , , , , , , , , , , , , , , , , , , , , , , , , , , , , , , , , , , , , , , , , , , ,11,305
2026254N11252,2026,67,EP,MM,NOLO,2026-09-11 18:00:00,DS,12.9,-113.1, , , ,PROVISIONAL,1127,1127,O______________,nhc_working_bt,EP152026,12.9,-113.1, ,DB,20,1009,-3, , , , , , , , , , , , ,1010,120,90, , , , , , , , , , , , , , , , , , , , , , , , , , , , , , , , , , , , , , , , , , , , , , , , , , , , , , , , , , , , , , , , , , , , , , , , , , , , , , , , , , , , , , , , , , , , , , , , , , , , , , , , , , , , , , , , , , , , , , , , , , , , , , , , , , , ,10,310
2026254N11252,2026,67,EP,MM,NOLO,2026-09-11 21:00:00,DS,13.3,-113.5, , , ,PROVISIONAL,1129,1100,P______________, ,EP152026,13.3,-113.5, ,DB,23,1008,-3, , , , , , , , , , , , ,1010,120,90, , , , , , , , , , , , , , , , , , , , , , , , , , , , , , , , , , , , , , , , , , , , , , , , , , , , , , , , , , , , , , , , , , , , , , , , , , , , , , , , , , , , , , , , , , , , , , , , , , , , , , , , , , , , , , , , , , , , , , , , , , , , , , , , , , , ,10,325
2026254N11252,2026,67,EP,MM,NOLO,2026-09-12 00:00:00,DS,13.7,-113.7, , , ,PROVISIONAL,1100,1052,O______________,nhc_working_bt,EP152026,13.7,-113.7, ,DB,25,1007,-3, , , , , , , , , , , , ,1010,120,90, , , , , , , , , , , , , , , , , , , , , , , , , , , , , , , , , , , , , , , , , , , , , , , , , , , , , , , , , , , , , , , , , , , , , , , , , , , , , , , , , , , , , , , , , , , , , , , , , , , , , , , , , , , , , , , , , , , , , , , , , , , , , , , , , , , ,10,340
2026254N11252,2026,67,EP,MM,NOLO,2026-09-12 03:00:00,DS,14.2,-113.8, , , ,PROVISIONAL,1052,990,P______________, ,EP152026,14.2,-113.8, ,DB,28,1007,-3, , , , , , , , , , , , ,1010,120,90, , , , , , , , , , , , , , , , , , , , , , , , , , , , , , , , , , , , , , , , , , , , , , , , , , , , , , , , , , , , , , , , , , , , , , , , , , , , , , , , , , , , , , , , , , , , , , , , , , , , , , , , , , , , , , , , , , , , , , , , , , , , , , , , , , , ,11,355
2026254N11252,2026,67,EP,MM,NOLO,2026-09-12 06:00:00,DS,14.8,-113.8, , , ,PROVISIONAL,990,928,O______________,nhc_working_bt,EP152026,14.8,-113.8, ,DB,30,1006,-3, , , , , , , , , , , , ,1010,120,90, , , , , , , , , , , , , , , , , , , , , , , , , , , , , , , , , , , , , , , , , , , , , , , , , , , , , , , , , , , , , , , , , , , , , , , , , , , , , , , , , , , , , , , , , , , , , , , , , , , , , , , , , , , , , , , , , , , , , , , , , ,40, , , , , , , , , ,13,0
2026254N11252,2026,67,EP,MM,NOLO,2026-09-12 09:00:00,DS,15.5,-113.8, , , ,PROVISIONAL,918,858,P______________, ,EP152026,15.5,-113.8, ,DB,30,1006,-3, , , , , , , , , , , , ,1010,120,90, , , , , , , , , , , , , , , , , , , , , , , , , , , , , , , , , , , , , , , , , , , , , , , , , , , , , , , , , , , , , , , , , , , , , , , , , , , , , , , , , , , , , , , , , , , , , , , , , , , , , , , , , , , , , , , , , , , , , , , , , , , , , , , , , , , ,13,0
2026254N11252,2026,67,EP,MM,NOLO,2026-09-12 12:00:00,DS,16.1,-113.8, , , ,PROVISIONAL,858,829,O______________,nhc_working_bt,EP152026,16.1,-113.8, ,LO,30,1006,-3, , , , , , , , , , , , ,1009,120,90, , , , , , , , , , , , , , , , , , , , , , , , , , , , , , , , , , , , , , , , , , , , , , , , , , , , , , , , , , , , , , , , , , , , , , , , , , , , , , , , , , , , , , , , , , , , , , , , , , , , , , , , , , , , , , , , , , , , , , , , , ,40, , , , , , , , , ,11,350
2026254N11252,2026,67,EP,MM,NOLO,2026-09-12 15:00:00,DS,16.5,-114.0, , , ,PROVISIONAL,829,811,P______________, ,EP152026,16.5,-114.0, ,LO,28,1007,-3, , , , , , , , , , , , ,1009,120,90, , , , , , , , , , , , , , , , , , , , , , , , , , , , , , , , , , , , , , , , , , , , , , , , , , , , , , , , , , , , , , , , , , , , , , , , , , , , , , , , , , , , , , , , , , , , , , , , , , , , , , , , , , , , , , , , , , , , , , , , , , , , , , , , , , , ,9,325
2026254N11252,2026,67,EP,MM,NOLO,2026-09-12 18:00:00,DS,16.8,-114.3, , , ,PROVISIONAL,816,810,O______________,nhc_working_bt,EP152026,16.8,-114.3, ,LO,25,1008,-3, , , , , , , , , , , , ,1009,120,90, , , , , , , , , , , , , , , , , , , , , , , , , , , , , , , , , , , , , , , , , , , , , , , , , , , , , , , , , , , , , , , , , , , , , , , , , , , , , , , , , , , , , , , , , , , , , , , , , , , , , , , , , , , , , , , , , , , , , , , , , ,35, , , , , , , , , ,8,315
2026254N11252,2026,67,EP,MM,NOLO,2026-09-12 21:00:00,DS,17.0,-114.6, , , ,PROVISIONAL,816,807,P______________, ,EP152026,17.0,-114.6, ,LO,25,1008,-3, , , , , , , , , , , , ,1009,120,85, , , , , , , , , , , , , , , , , , , , , , , , , , , , , , , , , , , , , , , , , , , , , , , , , , , , , , , , , , , , , , , , , , , , , , , , , , , , , , , , , , , , , , , , , , , , , , , , , , , , , , , , , , , , , , , , , , , , , , , , , , , , , , , , , , , ,7,305
2026254N11252,2026,67,EP,MM,NOLO,2026-09-13 00:00:00,DS,17.2,-114.9, , , ,PROVISIONAL,817,815,O______________,nhc_working_bt,EP152026,17.2,-114.9, ,LO,25,1008,-3, , , , , , , , , , , , ,1009,120,80, , , , , , , , , , , , , , , , , , , , , , , , , , , , , , , , , , , , , , , , , , , , , , , , , , , , , , , , , , , , , , , , , , , , , , , , , , , , , , , , , , , , , , , , , , , , , , , , , , , , , , , , , , , , , , , , , , , , , , , , , , , , , , , , , , , ,7,295
2026254N11252,2026,67,EP,MM,NOLO,2026-09-13 03:00:00,DS,17.3,-115.3, , , ,PROVISIONAL,835,827,P______________, ,EP152026,17.3,-115.3, ,LO,25,1008,-3, , , , , , , , , , , , ,1009,120,80, , , , , , , , , , , , , , , , , , , , , , , , , , , , , , , , , , , , , , , , , , , , , , , , , , , , , , , , , , , , , , , , , , , , , , , , , , , , , , , , , , , , , , , , , , , , , , , , , , , , , , , , , , , , , , , , , , , , , , , , , , , , , , , , , , , ,7,285
2026254N11252,2026,67,EP,MM,NOLO,2026-09-13 06:00:00,DS,17.4,-115.6, , , ,PROVISIONAL,848,848,O______________,nhc_working_bt,EP152026,17.4,-115.6, ,LO,25,1008,-3, , , , , , , , , , , , ,1009,120,80, , , , , , , , , , , , , , , , , , , , , , , , , , , , , , , , , , , , , , , , , , , , , , , , , , , , , , , , , , , , , , , , , , , , , , , , , , , , , , , , , , , , , , , , , , , , , , , , , , , , , , , , , , , , , , , , , , , , , , , , , , , , , , , , , , , ,6,280
2026254N11252,2026,67,EP,MM,NOLO,2026-09-13 09:00:00,DS,17.4,-115.9, , , ,PROVISIONAL,870,870,P______________, ,EP152026,17.4,-115.9, ,LO,25,1008,-3, , , , , , , , , , , , ,1009,120,60, , , , , , , , , , , , , , , , , , , , , , , , , , , , , , , , , , , , , , , , , , , , , , , , , , , , , , , , , , , , , , , , , , , , , , , , , , , , , , , , , , , , , , , , , , , , , , , , , , , , , , , , , , , , , , , , , , , , , , , , , , , , , , , , , , , ,6,270
2026254N11252,2026,67,EP,MM,NOLO,2026-09-13 12:00:00,DS,17.4,-116.2, , , ,PROVISIONAL,892,892,O______________,nhc_working_bt,EP152026,17.4,-116.2, ,LO,25,1007,-3, , , , , , , , , , , , ,1009,120,40, , , , , , , , , , , , , , , , , , , , , , , , , , , , , , , , , , , , , , , , , , , , , , , , , , , , , , , , , , , , , , , , , , , , , , , , , , , , , , , , , , , , , , , , , , , , , , , , , , , , , , , , , , , , , , , , , , , , , , , , , ,35, , , , , , , , , ,5,265
2026254N11252,2026,67,EP,MM,NOLO,2026-09-13 15:00:00,DS,17.4,-116.5, , , ,PROVISIONAL,915,915,P______________, ,EP152026,17.4,-116.5, ,LO,28,1007,-3, , , , , , , , , , , , ,1010,140,40, , , , , , , , , , , , , , , , , , , , , , , , , , , , , , , , , , , , , , , , , , , , , , , , , , , , , , , , , , , , , , , , , , , , , , , , , , , , , , , , , , , , , , , , , , , , , , , , , , , , , , , , , , , , , , , , , , , , , , , , , , , , , , , , , , , ,6,260
2026254N11252,2026,67,EP,MM,NOLO,2026-09-13 18:00:00,TS,17.3,-116.8, , , ,PROVISIONAL,946,946,O______________,nhc_working_bt,EP152026,17.3,-116.8, ,TD,30,1006,-1, , , , , , , , , , , , ,1011,160,40, , , , , , , , , , , , , , , , , , , , , , , , , , , , , , , , , , , , , , , , , , , , , , , , , , , , , , , , , , , , , , , , , , , , , , , , , , , , , , , , , , , , , , , , , , , , , , , , , , , , , , , , , , , , , , , , , , , , , , , , , ,40, , , , , , , , , ,9,260
2026254N11252,2026,67,EP,MM,NOLO,2026-09-13 21:00:00,TS,17.2,-117.4, , , ,PROVISIONAL,1001,1001,P______________, ,EP152026,17.2,-117.3, ,TD,30,1006,-1, , , , , , , , , , , , ,1010,150,40, , , , , , , , , , , , , , , , , , , , , , , , , , , , , , , , , , , , , , , , , , , , , , , , , , , , , , , , , , , , , , , , , , , , , , , , , , , , , , , , , , , , , , , , , , , , , , , , , , , , , , , , , , , , , , , , , , , , , , , , , , , , , , , , , , , ,11,260
2026254N11252,2026,67,EP,MM,NOLO,2026-09-14 00:00:00,TS,17.1,-117.9, , , ,PROVISIONAL,1041,1041,O______________,nhc_working_bt,EP152026,17.1,-117.9, ,TD,30,1006,-1, , , , , , , , , , , , ,1008,140,40, , , , , , , , , , , , , , , , , , , , , , , , , , , , , , , , , , , , , , , , , , , , , , , , , , , , , , , , , , , , , , , , , , , , , , , , , , , , , , , , , , , , , , , , , , , , , , , , , , , , , , , , , , , , , , , , , , , , , , , , , ,40, , , , , , , , , ,9,245
2026254N11252,2026,67,EP,MM,NOLO,2026-09-14 03:00:00,TS,16.9,-118.2, , , ,PROVISIONAL,1077,1077,P______________, ,EP152026,16.9,-118.2, ,TD,30,1006,-1, , , , , , , , , , , , ,1009,160,50, , , , , , , , , , , , , , , , , , , , , , , , , , , , , , , , , , , , , , , , , , , , , , , , , , , , , , , , , , , , , , , , , , , , , , , , , , , , , , , , , , , , , , , , , , , , , , , , , , , , , , , , , , , , , , , , , , , , , , , , , , , , , , , , , , , ,8,230
2026254N11252,2026,67,EP,MM,NOLO,2026-09-14 06:00:00,TS,16.6,-118.5, , , ,PROVISIONAL,1123,1123,O______________,nhc_working_bt,EP152026,16.6,-118.5, ,TD,30,1006,-1, , , , , , , , , , , , ,1009,180,60, , , , , , , , , , , , , , , , , , , , , , , , , , , , , , , , , , , , , , , , , , , , , , , , , , , , , , , , , , , , , , , , , , , , , , , , , , , , , , , , , , , , , , , , , , , , , , , , , , , , , , , , , , , , , , , , , , , , , , , , , ,40, , , , , , , , , ,8,235
2026254N11252,2026,67,EP,MM,NOLO,2026-09-14 09:00:00,TS,16.4,-118.9, , , ,PROVISIONAL,1166,1166,P______________, ,EP152026,16.4,-118.9, ,TD,30,1006,-1, , , , , , , , , , , , ,1009,180,60, , , , , , , , , , , , , , , , , , , , , , , , , , , , , , , , , , , , , , , , , , , , , , , , , , , , , , , , , , , , , , , , , , , , , , , , , , , , , , , , , , , , , , , , , , , , , , , , , , , , , , , , , , , , , , , , , , , , , , , , , , , , , , , , , , , ,8,250
2026254N11252,2026,67,EP,MM,NOLO,2026-09-14 12:00:00,TS,16.3,-119.3, , , ,PROVISIONAL,1201,1201,O______________,nhc_working_bt,EP152026,16.3,-119.3, ,TD,30,1006,-1, , , , , , , , , , , , ,1009,180,60, , , , , , , , , , , , , , , , , , , , , , , , , , , , , , , , , , , , , , , , , , , , , , , , , , , , , , , , , , , , , , , , , , , , , , , , , , , , , , , , , , , , , , , , , , , , , , , , , , , , , , , , , , , , , , , , , , , , , , , , , ,40, , , , , , , , , ,7,275
2026254N11252,2026,67,EP,MM,NOLO,2026-09-14 15:00:00,TS,16.5,-119.6, , , ,PROVISIONAL,1203,1203,P______________, ,EP152026,16.6,-119.6, ,TD,30,1006,-1, , , , , , , , , , , , ,1009,180,60, , , , , , , , , , , , , , , , , , , , , , , , , , , , , , , , , , , , , , , , , , , , , , , , , , , , , , , , , , , , , , , , , , , , , , , , , , , , , , , , , , , , , , , , , , , , , , , , , , , , , , , , , , , , , , , , , , , , , , , , , , , , , , , , , , , ,8,300
2026254N11252,2026,67,EP,MM,NOLO,2026-09-14 18:00:00,TS,16.7,-120.0, , , ,PROVISIONAL,1213,1213,O______________,nhc_working_bt,EP152026,16.9,-120.0, ,TD,30,1006,-1, , , , , , , , , , , , ,1009,180,60, , , , , , , , , , , , , , , , , , , , , , , , , , , , , , , , , , , , , , , , , , , , , , , , , , , , , , , , , , , , , , , , , , , , , , , , , , , , , , , , , , , , , , , , , , , , , , , , , , , , , , , , , , , , , , , , , , , , , , , , , ,40, , , , , , , , , ,9,280
2026254N11252,2026,67,EP,MM,NOLO,2026-09-14 21:00:00,TS,16.6,-120.5, , , ,PROVISIONAL,1257,1257,P______________, ,EP152026,16.8,-120.5, ,TD,30,1006,-1, , , , , , , , , , , , ,1009,180,60, , , , , , , , , , , , , , , , , , , , , , , , , , , , , , , , , , , , , , , , , , , , , , , , , , , , , , , , , , , , , , , , , , , , , , , , , , , , , , , , , , , , , , , , , , , , , , , , , , , , , , , , , , , , , , , , , , , , , , , , , , , , , , , , , , , ,10,260
2026254N11252,2026,67,EP,MM,NOLO,2026-09-15 00:00:00,TS,16.5,-121.1, , , ,PROVISIONAL,1309,1309,O______________,nhc_working_bt,EP152026,16.5,-121.1, ,TD,30,1005,-1, , , , , , , , , , , , ,1009,180,60, , , , , , , , , , , , , , , , , , , , , , , , , , , , , , , , , , , , , , , , , , , , , , , , , , , , , , , , , , , , , , , , , , , , , , , , , , , , , , , , , , , , , , , , , , , , , , , , , , , , , , , , , , , , , , , , , , , , , , , , , ,40, , , , ,12,90, , ,60,10,255
2026254N11252,2026,67,EP,MM,NOLO,2026-09-15 03:00:00,TS,16.3,-121.6, , , ,PROVISIONAL,1363,1363,P______________, ,EP152026,16.3,-121.6, ,TD,30,1005,-1, , , , , , , , , , , , ,1009,180,60, , , , , , , , , , , , , , , , , , , , , , , , , , , , , , , , , , , , , , , , , , , , , , , , , , , , , , , , , , , , , , , , , , , , , , , , , , , , , , , , , , , , , , , , , , , , , , , , , , , , , , , , , , , , , , , , , , , , , , , , , , , , , , , , , , , ,10,255
2026254N11252,2026,67,EP,MM,NOLO,2026-09-15 06:00:00,TS,16.2,-122.1, , , ,PROVISIONAL,1408,1408,O______________,nhc_working_bt,EP152026,16.2,-122.1, ,TD,30,1005,-1, , , , , , , , , , , , ,1009,180,60, , , , , , , , , , , , , , , , , , , , , , , , , , , , , , , , , , , , , , , , , , , , , , , , , , , , , , , , , , , , , , , , , , , , , , , , , , , , , , , , , , , , , , , , , , , , , , , , , , , , , , , , , , , , , , , , , , , , , , , , , ,40, , , , , , , , , ,11,260
2026254N11252,2026,67,EP,MM,NOLO,2026-09-15 09:00:00,TS,16.1,-122.7, , , ,PROVISIONAL,1462,1462,P______________, ,EP152026,16.2,-122.7, ,TD,30,1005,-1, , , , , , , , , , , , ,1009,180,60, , , , , , , , , , , , , , , , , , , , , , , , , , , , , , , , , , , , , , , , , , , , , , , , , , , , , , , , , , , , , , , , , , , , , , , , , , , , , , , , , , , , , , , , , , , , , , , , , , , , , , , , , , , , , , , , , , , , , , , , , , , , , , , , , , , ,12,265
2026254N11252,2026,67,EP,MM,NOLO,2026-09-15 12:00:00,TS,16.1,-123.3, , , ,PROVISIONAL,1509,1509,O______________,nhc_working_bt,EP152026,16.1,-123.4, ,TD,30,1005,-1, , , , , , , , , , , , ,1008,180,60, , , , , , , , , , , , , , , , , , , , , , , , , , , , , , , , , , , , , , , , , , , , , , , , , , , , , , , , , , , , , , , , , , , , , , , , , , , , , , , , , , , , , , , , , , , , , , , , , , , , , , , , , , , , , , , , , , , , , , , , , ,40, , , , ,12,90, , ,60,11,260
2026254N11252,2026,67,EP,MM,NOLO,2026-09-15 15:00:00,TS,15.9,-123.8, , , ,PROVISIONAL,1564,1564,P______________, ,EP152026,16.0,-123.9, ,TD,28,1006,-1, , , , , , , , , , , , ,1008,150,55, , , , , , , , , , , , , , , , , , , , , , , , , , , , , , , , , , , , , , , , , , , , , , , , , , , , , , , , , , , , , , , , , , , , , , , , , , , , , , , , , , , , , , , , , , , , , , , , , , , , , , , , , , , , , , , , , , , , , , , , , , , , , , , , , , , ,10,255
2026254N11252,2026,67,EP,MM,NOLO,2026-09-15 18:00:00,TS,15.8,-124.3, , , ,PROVISIONAL,1612,1612,O______________,nhc_working_bt,EP152026,15.8,-124.4, ,TD,25,1006,-1, , , , , , , , , , , , ,1008,120,50, , , , , , , , , , , , , , , , , , , , , , , , , , , , , , , , , , , , , , , , , , , , , , , , , , , , , , , , , , , , , , , , , , , , , , , , , , , , , , , , , , , , , , , , , , , , , , , , , , , , , , , , , , , , , , , , , , , , , , , , , ,35, , , , , , , , , ,10,255
2026254N11252,2026,67,EP,MM,NOLO,2026-09-15 21:00:00,TS,15.7,-124.8, , , ,PROVISIONAL,1660,1660,P______________, ,EP152026,15.7,-124.8, ,TD,25,1006,-1, , , , , , , , , , , , ,1008,130,55, , , , , , , , , , , , , , , , , , , , , , , , , , , , , , , , , , , , , , , , , , , , , , , , , , , , , , , , , , , , , , , , , , , , , , , , , , , , , , , , , , , , , , , , , , , , , , , , , , , , , , , , , , , , , , , , , , , , , , , , , , , , , , , , , , , ,9,260
2026254N11252,2026,67,EP,MM,NOLO,2026-09-16 00:00:00,DS,15.6,-125.3, , , ,PROVISIONAL,1708,1708,O______________,nhc_working_bt,EP152026,15.6,-125.3, ,DB,25,1006,-3, , , , , , , , , , , , ,1008,140,60, , , , , , , , , , , , , , , , , , , , , , , , , , , , , , , , , , , , , , , , , , , , , , , , , , , , , , , , , , , , , , , , , , , , , , , , , , , , , , , , , , , , , , , , , , , , , , , , , , , , , , , , , , , , , , , , , , , , , , , , , ,35, , , , ,12,75, , ,75,10,260
2026254N11252,2026,67,EP,MM,NOLO,2026-09-16 03:00:00,DS,15.5,-125.8, , , ,PROVISIONAL,1757,1757,P______________, ,EP152026,15.5,-125.9, ,DB,25,1006,-3, , , , , , , , , , , , ,1008,140,60, , , , , , , , , , , , , , , , , , , , , , , , , , , , , , , , , , , , , , , , , , , , , , , , , , , , , , , , , , , , , , , , , , , , , , , , , , , , , , , , , , , , , , , , , , , , , , , , , , , , , , , , , , , , , , , , , , , , , , , , , , , , , , , , , , , ,11,255
2026254N11252,2026,67,EP,MM,NOLO,2026-09-16 06:00:00,DS,15.3,-126.4, , , ,PROVISIONAL,1817,1817,O______________,nhc_working_bt,EP152026,15.4,-126.5, ,LO,25,1006,-3, , , , , , , , , , , , ,1008,140,60, , , , , , , , , , , , , , , , , , , , , , , , , , , , , , , , , , , , , , , , , , , , , , , , , , , , , , , , , , , , , , , , , , , , , , , , , , , , , , , , , , , , , , , , , , , , , , , , , , , , , , , , , , , , , , , , , , , , , , , , , , , , , , , , , , , ,11,255
2026254N11252,2026,67,EP,MM,NOLO,2026-09-16 09:00:00,DS,15.2,-127.0, , , ,PROVISIONAL,1866,1866,P______________, ,EP152026,15.3,-127.1, ,LO,25,1006,-3, , , , , , , , , , , , ,1008,140,60, , , , , , , , , , , , , , , , , , , , , , , , , , , , , , , , , , , , , , , , , , , , , , , , , , , , , , , , , , , , , , , , , , , , , , , , , , , , , , , , , , , , , , , , , , , , , , , , , , , , , , , , , , , , , , , , , , , , , , , , , , , , , , , , , , , ,11,255
2026254N11252,2026,67,EP,MM,NOLO,2026-09-16 12:00:00,DS,15.0,-127.5, , , ,PROVISIONAL,1918,1918,O______________,nhc_working_bt,EP152026,15.2,-127.7, ,LO,25,1006,-3, , , , , , , , , , , , ,1008,140,60, , , , , , , , , , , , , , , , , , , , , , , , , , , , , , , , , , , , , , , , , , , , , , , , , , , , , , , , , , , , , , , , , , , , , , , , , , , , , , , , , , , , , , , , , , , , , , , , , , , , , , , , , , , , , , , , , , , , , , , , , , , , , , , , , , , ,11,255
2026254N11252,2026,67,EP,MM,NOLO,2026-09-16 15:00:00,DS,14.9,-128.1, , , ,PROVISIONAL,1968,1968,P______________, ,EP152026,15.0,-128.2, ,LO,25,1006,-3, , , , , , , , , , , , ,1008,140,60, , , , , , , , , , , , , , , , , , , , , , , , , , , , , , , , , , , , , , , , , , , , , , , , , , , , , , , , , , , , , , , , , , , , , , , , , , , , , , , , , , , , , , , , , , , , , , , , , , , , , , , , , , , , , , , , , , , , , , , , , , , , , , , , , , , ,11,255
2026254N11252,2026,67,EP,MM,NOLO,2026-09-16 18:00:00,DS,14.8,-128.6, , , ,PROVISIONAL,2013,2013,O______________,nhc_working_bt,EP152026,14.9,-128.7, ,LO,25,1006,-3, , , , , , , , , , , , ,1008,140,60, , , , , , , , , , , , , , , , , , , , , , , , , , , , , , , , , , , , , , , , , , , , , , , , , , , , , , , , , , , , , , , , , , , , , , , , , , , , , , , , , , , , , , , , , , , , , , , , , , , , , , , , , , , , , , , , , , , , , , , , , , , , , , , , , , , ,11,255
2026254N11252,2026,67,EP,MM,NOLO,2026-09-16 21:00:00,DS,14.6,-129.1, , , ,PROVISIONAL,2065,2065,P______________, ,EP152026,14.8,-129.3, ,LO,25,1006,-3, , , , , , , , , , , , ,1008,140,60, , , , , , , , , , , , , , , , , , , , , , , , , , , , , , , , , , , , , , , , , , , , , , , , , , , , , , , , , , , , , , , , , , , , , , , , , , , , , , , , , , , , , , , , , , , , , , , , , , , , , , , , , , , , , , , , , , , , , , , , , , , , , , , , , , , ,11,260
2026254N11252,2026,67,EP,MM,NOLO,2026-09-17 00:00:00,DS,14.6,-129.7, , , ,PROVISIONAL,2109,2109,O______________,nhc_working_bt,EP152026,14.7,-129.8, ,LO,25,1006,-3, , , , , , , , , , , , ,1008,140,60, , , , , , , , , , , , , , , , , , , , , , , , , , , , , , , , , , , , , , , , , , , , , , , , , , , , , , , , , , , , , , , , , , , , , , , , , , , , , , , , , , , , , , , , , , , , , , , , , , , , , , , , , , , , , , , , , , , , , , , , , , , , , , , , , , , ,10,265
2026254N11252,2026,67,EP,MM,NOLO,2026-09-17 03:00:00,DS,14.5,-130.2, , , ,PROVISIONAL,2155,2154,P______________, ,EP152026,14.7,-130.3, ,LO,25,1006,-3, , , , , , , , , , , , ,1008,140,60, , , , , , , , , , , , , , , , , , , , , , , , , , , , , , , , , , , , , , , , , , , , , , , , , , , , , , , , , , , , , , , , , , , , , , , , , , , , , , , , , , , , , , , , , , , , , , , , , , , , , , , , , , , , , , , , , , , , , , , , , , , , , , , , , , , ,10,270
2026254N11252,2026,67,EP,MM,NOLO,2026-09-17 06:00:00,DS,14.6,-130.7, , , ,PROVISIONAL,2185,2185,O______________,nhc_working_bt,EP152026,14.7,-130.7, ,LO,25,1006,-3, , , , , , , , , , , , ,1008,140,60, , , , , , , , , , , , , , , , , , , , , , , , , , , , , , , , , , , , , , , , , , , , , , , , , , , , , , , , , , , , , , , , , , , , , , , , , , , , , , , , , , , , , , , , , , , , , , , , , , , , , , , , , , , , , , , , , , , , , , , , , , , , , , , , , , , ,9,275
2026254N11252,2026,67,EP,MM,NOLO,2026-09-17 09:00:00,DS,14.6,-131.1, , , ,PROVISIONAL,2216,2216,P______________, ,EP152026,14.7,-131.2, ,LO,25,1006,-3, , , , , , , , , , , , ,1008,150,75, , , , , , , , , , , , , , , , , , , , , , , , , , , , , , , , , , , , , , , , , , , , , , , , , , , , , , , , , , , , , , , , , , , , , , , , , , , , , , , , , , , , , , , , , , , , , , , , , , , , , , , , , , , , , , , , , , , , , , , , , , , , , , , , , , , ,9,285
2026254N11252,2026,67,EP,MM,NOLO,2026-09-17 12:00:00,DS,14.8,-131.6, , , ,PROVISIONAL,2239,2239,O______________,nhc_working_bt,EP152026,14.8,-131.6, ,LO,25,1005,-3, , , , , , , , , , , , ,1007,160,90, , , , , , , , , , , , , , , , , , , , , , , , , , , , , , , , , , , , , , , , , , , , , , , , , , , , , , , , , , , , , , , , , , , , , , , , , , , , , , , , , , , , , , , , , , , , , , , , , , , , , , , , , , , , , , , , , , , , , , , , , , , , , , , , , , , ,10,300
2026254N11252,2026,67,EP,MM,NOLO,2026-09-17 15:00:00,DS,15.1,-132.0, , , ,PROVISIONAL,2249,2241,P______________, ,EP152026,15.1,-132.0, ,LO,25,1006,-3, , , , , , , , , , , , ,1007,160,90, , , , , , , , , , , , , , , , , , , , , , , , , , , , , , , , , , , , , , , , , , , , , , , , , , , , , , , , , , , , , , , , , , , , , , , , , , , , , , , , , , , , , , , , , , , , , , , , , , , , , , , , , , , , , , , , , , , , , , , , , , , , , , , , , , , ,10,315
2026254N11252,2026,67,EP,MM,NOLO,2026-09-17 18:00:00,DS,15.5,-132.4, , , ,PROVISIONAL,2252,2245,O______________,nhc_working_bt,EP152026,15.4,-132.5, ,LO,25,1006,-3, , , , , , , , , , , , ,1007,160,90, , , , , , , , , , , , , , , , , , , , , , , , , , , , , , , , , , , , , , , , , , , , , , , , , , , , , , , , , , , , , , , , , , , , , , , , , , , , , , , , , , , , , , , , , , , , , , , , , , , , , , , , , , , , , , , , , , , , , , , , , , , , , , , , , , , ,10,310
2026254N11252,2026,67,EP,MM,NOLO,2026-09-17 21:00:00,DS,15.8,-132.8, , , ,PROVISIONAL,2264,2264,P______________, ,EP152026,15.5,-133.2, ,LO,25,1006,-3, , , , , , , , , , , , ,1008,170,90, , , , , , , , , , , , , , , , , , , , , , , , , , , , , , , , , , , , , , , , , , , , , , , , , , , , , , , , , , , , , , , , , , , , , , , , , , , , , , , , , , , , , , , , , , , , , , , , , , , , , , , , , , , , , , , , , , , , , , , , , , , , , , , , , , , ,10,290
2026254N11252,2026,67,EP,MM,NOLO,2026-09-18 00:00:00,DS,15.8,-133.4, , , ,PROVISIONAL,2303,2221,O______________,nhc_working_bt,EP152026,15.5,-133.9, ,LO,25,1006,-3, , , , , , , , , , , , ,1008,180,90, , , , , , , , , , , , , , , , , , , , , , , , , , , , , , , , , , , , , , , , , , , , , , , , , , , , , , , , , , , , , , , , , , , , , , , , , , , , , , , , , , , , , , , , , , , , , , , , , , , , , , , , , , , , , , , , , , , , , , , , , , , , , , , , , , , ,15,255
2026254N11252,2026,67,EP,MM,NOLO,2026-09-18 03:00:00,DS,15.4,-134.3, , , ,PROVISIONAL,2221,2140,P______________, ,EP152026,15.2,-134.6, ,LO,25,1006,-3, , , , , , , , , , , , ,1008,180,90, , , , , , , , , , , , , , , , , , , , , , , , , , , , , , , , , , , , , , , , , , , , , , , , , , , , , , , , , , , , , , , , , , , , , , , , , , , , , , , , , , , , , , , , , , , , , , , , , , , , , , , , , , , , , , , , , , , , , , , , , , , , , , , , , , , ,20,245
2026254N11252,2026,67,EP,MM,NOLO,2026-09-18 06:00:00,DS,15.0,-135.2, , , ,PROVISIONAL,2140,2085,O______________,nhc_working_bt,EP152026,15.0,-135.2, ,LO,25,1006,-3, , , , , , , , , , , , ,1008,180,90, , , , , , , , , , , , , , , , , , , , , , , , , , , , , , , , , , , , , , , , , , , , , , , , , , , , , , , , , , , , , , , , , , , , , , , , , , , , , , , , , , , , , , , , , , , , , , , , , , , , , , , , , , , , , , , , , , , , , , , , , , , , , , , , , , , ,14,260
2026254N11252,2026,67,EP,MM,NOLO,2026-09-18 09:00:00,DS,15.1,-135.7, , , ,PROVISIONAL,2085,2042,P______________, ,EP152026,15.2,-135.6, ,LO,25,1007,-3, , , , , , , , , , , , ,1008,180,90, , , , , , , , , , , , , , , , , , , , , , , , , , , , , , , , , , , , , , , , , , , , , , , , , , , , , , , , , , , , , , , , , , , , , , , , , , , , , , , , , , , , , , , , , , , , , , , , , , , , , , , , , , , , , , , , , , , , , , , , , , , , , , , , , , , ,9,305
2026254N11252,2026,67,EP,MM,NOLO,2026-09-18 12:00:00,DS,15.5,-136.0, , , ,PROVISIONAL,2042,2005,O______________,nhc_working_bt,EP152026,15.5,-136.0, ,DB,25,1008,-3, , , , , , , , , , , , ,1008,180,90, , , , , , , , , , , , , , , , , , , , , , , , , , , , , , , , , , , , , , , , , , , , , , , , , , , , , , , , , , , , , , , , , , , , , , , , , , , , , , , , , , , , , , , , , , , , , , , , , , , , , , , , , , , , , , , , , , , , , , , , , , , , , , , , , , , ,9,310
2026254N11252,2026,67,EP,MM,NOLO,2026-09-18 15:00:00,DS,15.7,-136.3, , , ,PROVISIONAL,2005,1955,P______________, ,EP152026,15.8,-136.3, ,DB,25,1008,-3, , , , , , , , , , , , ,1008,180,90, , , , , , , , , , , , , , , , , , , , , , , , , , , , , , , , , , , , , , , , , , , , , , , , , , , , , , , , , , , , , , , , , , , , , , , , , , , , , , , , , , , , , , , , , , , , , , , , , , , , , , , , , , , , , , , , , , , , , , , , , , , , , , , , , , , ,8,305
2026254N11252,2026,67,EP,MM,NOLO,2026-09-18 18:00:00,DS,16.0,-136.7, , , ,PROVISIONAL,1955,1903,O______________,nhc_working_bt,EP152026,16.0,-136.7, ,DB,25,1008,-3, , , , , , , , , , , , ,1008,180,90, , , , , , , , , , , , , , , , , , , , , , , , , , , , , , , , , , , , , , , , , , , , , , , , , , , , , , , , , , , , , , , , , , , , , , , , , , , , , , , , , , , , , , , , , , , , , , , , , , , , , , , , , , , , , , , , , , , , , , , , , , , , , , , , , , , ,10,315
2026254N11252,2026,67,EP,MM,NOLO,2026-09-18 21:00:00,DS,16.4,-137.1, , , ,PROVISIONAL,1903,1852,P______________, ,EP152026,16.2,-137.1, ,DB,25,1008,-3, , , , , , , , , , , , ,1008,180,90, , , , , , , , , , , , , , , , , , , , , , , , , , , , , , , , , , , , , , , , , , , , , , , , , , , , , , , , , , , , , , , , , , , , , , , , , , , , , , , , , , , , , , , , , , , , , , , , , , , , , , , , , , , , , , , , , , , , , , , , , , , , , , , , , , , ,11,315
2026254N11252,2026,67,EP,MM,NOLO,2026-09-19 00:00:00,DS,16.8,-137.5, , , ,PROVISIONAL,1852,1787,O______________,nhc_working_bt,EP152026,16.4,-137.6, ,DB,25,1008,-3, , , , , , , , , , , , ,1008,180,90, , , , , , , , , , , , , , , , , , , , , , , , , , , , , , , , , , , , , , , , , , , , , , , , , , , , , , , , , , , , , , , , , , , , , , , , , , , , , , , , , , , , , , , , , , , , , , , , , , , , , , , , , , , , , , , , , , , , , , , , , , , , , , , , , , , ,12,295
2026254N11252,2026,67,EP,MM,NOLO,2026-09-19 03:00:00,DS,16.9,-138.2, , , ,PROVISIONAL,1776,1714,P______________, ,EP152026,16.5,-138.1, ,DB,25,1008,-3, , , , , , , , , , , , ,1008,180,90, , , , , , , , , , , , , , , , , , , , , , , , , , , , , , , , , , , , , , , , , , , , , , , , , , , , , , , , , , , , , , , , , , , , , , , , , , , , , , , , , , , , , , , , , , , , , , , , , , , , , , , , , , , , , , , , , , , , , , , , , , , , , , , , , , , ,12,275
2026254N11252,2026,67,EP,MM,NOLO,2026-09-19 06:00:00,DS,16.9,-138.8, , , ,PROVISIONAL,1714,1664,O______________,nhc_working_bt,EP152026,16.5,-138.6, ,DB,25,1008,-3, , , , , , , , , , , , ,1008,180,90, , , , , , , , , , , , , , , , , , , , , , , , , , , , , , , , , , , , , , , , , , , , , , , , , , , , , , , , , , , , , , , , , , , , , , , , , , , , , , , , , , , , , , , , , , , , , , , , , , , , , , , , , , , , , , , , , , , , , , , , , , , , , , , , , , , ,11,265
2026254N11252,2026,67,EP,MM,NOLO,2026-09-19 09:00:00,DS,16.8,-139.3, , , ,PROVISIONAL,1664,1628,P______________, ,EP152026,16.6,-139.2, ,DB,25,1008,-3, , , , , , , , , , , , ,1009,200,90, , , , , , , , , , , , , , , , , , , , , , , , , , , , , , , , , , , , , , , , , , , , , , , , , , , , , , , , , , , , , , , , , , , , , , , , , , , , , , , , , , , , , , , , , , , , , , , , , , , , , , , , , , , , , , , , , , , , , , , , , , , , , , , , , , , ,9,250
2026254N11252,2026,67,EP,MM,NOLO,2026-09-19 12:00:00,DS,16.6,-139.7, , , ,PROVISIONAL,1628,1592,O______________,nhc_working_bt,EP152026,16.6,-139.7, ,DB,25,1007,-3, , , , , , , , , , , , ,1009,220,90, , , , , , , , , , , , , , , , , , , , , , , , , , , , , , , , , , , , , , , , , , , , , , , , , , , , , , , , , , , , , , , , , , , , , , , , , , , , , , , , , , , , , , , , , , , , , , , , , , , , , , , , , , , , , , , , , , , , , , , , , , , , , , , , , , , ,9,240
2026254N11252,2026,67,EP,CP,NOLO,2026-09-19 15:00:00,DS,16.4,-140.1, , , ,PROVISIONAL,1592,1560,P______________, ,EP152026,16.4,-140.1, ,DB,25,1007,-3, , , , , , , , , , , , ,1009,220,90, , , , , , , , , , , , , , , , , , , , , , , , , , , , , , , , , , , , , , , , , , , , , , , , , , , , , , , , , , , , , , , , , , , , , , , , , , , , , , , , , , , , , , , , , , , , , , , , , , , , , , , , , , , , , , , , , , , , , , , , , , , , , , , , , , , ,9,235
2026254N11252,2026,67,EP,CP,NOLO,2026-09-19 18:00:00,DS,16.1,-140.5, , , ,PROVISIONAL,1560,1519,O______________,nhc_working_bt,EP152026,16.1,-140.5, ,DB,25,1007,-3, , , , , , , , , , , , ,1009,220,90, , , , , , , , , , , , , , , , , , , , , , , , , , , , , , , , , , , , , , , , , , , , , , , , , , , , , , , , , , , , , , , , , , , , , , , , , , , , , , , , , , , , , , , , , , , , , , , , , , , , , , , , , , , , , , , , , , , , , , , , , , , , , , , , , , , ,11,235
2026254N11252,2026,67,EP,CP,NOLO,2026-09-19 21:00:00,DS,15.7,-141.0, , , ,PROVISIONAL,1522,1487,P______________, ,EP152026,15.7,-141.0, ,DB,25,1007,-3, , , , , , , , , , , , ,1009,220,90, , , , , , , , , , , , , , , , , , , , , , , , , , , , , , , , , , , , , , , , , , , , , , , , , , , , , , , , , , , , , , , , , , , , , , , , , , , , , , , , , , , , , , , , , , , , , , , , , , , , , , , , , , , , , , , , , , , , , , , , , , , , , , , , , , , ,13,230
2026254N11252,2026,67,EP,CP,NOLO,2026-09-20 00:00:00,DS,15.3,-141.5, , , ,PROVISIONAL,1487,1473,O______________,nhc_working_bt,EP152026,15.3,-141.5, ,DB,25,1007,-3, , , , , , , , , , , , ,1009,220,90, , , , , , , , , , , , , , , , , , , , , , , , , , , , , , , , , , , , , , , , , , , , , , , , , , , , , , , , , , , , , , , , , , , , , , , , , , , , , , , , , , , , , , , , , , , , , , , , , , , , , , , , , , , , , , , , , , , , , , , , , , , , , , , , , , , ,12,220
2026254N11252,2026,67,EP,CP,NOLO,2026-09-20 03:00:00,DS,14.9,-141.8, , , ,PROVISIONAL,1473,1451,P______________, ,EP152026,15.0,-141.9, ,DB,25,1007,-3, , , , , , , , , , , , ,1009,220,75, , , , , , , , , , , , , , , , , , , , , , , , , , , , , , , , , , , , , , , , , , , , , , , , , , , , , , , , , , , , , , , , , , , , , , , , , , , , , , , , , , , , , , , , , , , , , , , , , , , , , , , , , , , , , , , , , , , , , , , , , , , , , , , , , , , ,13,220
2026254N11252,2026,67,EP,CP,NOLO,2026-09-20 06:00:00,DS,14.3,-142.3, , , ,PROVISIONAL,1451,1373,O______________,nhc_working_bt,EP152026,14.8,-142.2, ,DB,25,1007,-3, , , , , , , , , , , , ,1009,220,60, , , , , , , , , , , , , , , , , , , , , , , , , , , , , , , , , , , , , , , , , , , , , , , , , , , , , , , , , , , , , , , , , , , , , , , , , , , , , , , , , , , , , , , , , , , , , , , , , , , , , , , , , , , , , , , , , , , , , , , , , , , , , , , , , , , ,22,235
2026254N11252,2026,67,EP,CP,NOLO,2026-09-20 09:00:00,DS,13.6,-143.6, , , ,PROVISIONAL,1363,1282,P______________, ,EP152026,14.7,-142.6, ,DB,25,1007,-3, , , , , , , , , , , , ,1009,220,60, , , , , , , , , , , , , , , , , , , , , , , , , , , , , , , , , , , , , , , , , , , , , , , , , , , , , , , , , , , , , , , , , , , , , , , , , , , , , , , , , , , , , , , , , , , , , , , , , , , , , , , , , , , , , , , , , , , , , , , , , , , , , , , , , , , ,29,245
2026254N11252,2026,67,EP,CP,NOLO,2026-09-20 12:00:00,DS,13.0,-145.0, , , ,PROVISIONAL,1273,1203,O______________,nhc_working_bt,EP152026,14.6,-143.1, ,DB,25,1007,-3, , , , , , , , , , , , ,1009,220,60, , , , , , , , , , , , , , , , , , , , , , , , , , , , , , , , , , , , , , , , , , , , , , , , , , , , , , , , , , , , , , , , , , , , , , , , , , , , , , , , , , , , , , , , , , , , , , , , , , , , , , , , , , , , , , , , , , , , , , , , , , , , , , , , , , , ,23,255
2026254N11252,2026,67,EP,CP,NOLO,2026-09-20 15:00:00,DS,12.9,-145.9, , , ,PROVISIONAL,1203,1146,P______________, ,EP152026,14.4,-143.7, ,DB,25,1007,-3, , , , , , , , , , , , ,1009,220,60, , , , , , , , , , , , , , , , , , , , , , , , , , , , , , , , , , , , , , , , , , , , , , , , , , , , , , , , , , , , , , , , , , , , , , , , , , , , , , , , , , , , , , , , , , , , , , , , , , , , , , , , , , , , , , , , , , , , , , , , , , , , , , , , , , , ,15,270
2026254N11252,2026,67,EP,CP,NOLO,2026-09-20 18:00:00,DS,13.0,-146.5, , , ,PROVISIONAL,1146,1113,O______________,nhc_working_bt,EP152026,14.1,-144.2, ,DB,25,1007,-3, , , , , , , , , , , , ,1009,220,60, , , , , , , , , , , , , , , , , , , , , , , , , , , , , , , , , , , , , , , , , , , , , , , , , , , , , , , , , , , , , , , , , , , , , , , , , , , , , , , , , , , , , , , , , , , , , , , , , , , , , , , , , , , , , , , , , , , , , , , , , , , , , , , , , , , ,10,275
2026254N11252,2026,67,EP,CP,NOLO,2026-09-20 21:00:00,DS,13.0,-146.9, , , ,PROVISIONAL,1113,1105,P______________, ,EP152026,13.7,-144.5, ,DB,25,1007,-3, , , , , , , , , , , , ,1009,220,60, , , , , , , , , , , , , , , , , , , , , , , , , , , , , , , , , , , , , , , , , , , , , , , , , , , , , , , , , , , , , , , , , , , , , , , , , , , , , , , , , , , , , , , , , , , , , , , , , , , , , , , , , , , , , , , , , , , , , , , , , , , , , , , , , , , ,6,260
2026254N11252,2026,67,EP,CP,NOLO,2026-09-21 00:00:00,DS,12.9,-147.1, , , ,PROVISIONAL,1105,1097,O______________,nhc_working_bt,EP152026,13.4,-144.8, ,DB,25,1007,-3, , , , , , , , , , , , ,1009,220,60, , , , , , , , , , , , , , , , , , , , , , , , , , , , , , , , , , , , , , , , , , , , , , , , , , , , , , , , , , , , , , , , , , , , , , , , , , , , , , , , , , , , , , , , , , , , , , , , , , , , , , , , , , , , , , , , , , , , , , , , , , , , , , , , , , , ,3,240
2026254N11252,2026,67,EP,CP,NOLO,2026-09-21 03:00:00,DS,12.8,-147.2, , , ,PROVISIONAL,1104,1104,P______________, ,EP152026,13.2,-145.1, ,DB,25,1007,-3, , , , , , , , , , , , ,1009,220,60, , , , , , , , , , , , , , , , , , , , , , , , , , , , , , , , , , , , , , , , , , , , , , , , , , , , , , , , , , , , , , , , , , , , , , , , , , , , , , , , , , , , , , , , , , , , , , , , , , , , , , , , , , , , , , , , , , , , , , , , , , , , , , , , , , , ,1,150
2026254N11252,2026,67,EP,CP,NOLO,2026-09-21 06:00:00,DS,12.8,-147.1, , , ,PROVISIONAL,1112,1112,O______________,nhc_working_bt,EP152026,13.2,-145.4, ,DB,25,1007,-3, , , , , , , , , , , , ,1009,220,60, , , , , , , , , , , , , , , , , , , , , , , , , , , , , , , , , , , , , , , , , , , , , , , , , , , , , , , , , , , , , , , , , , , , , , , , , , , , , , , , , , , , , , , , , , , , , , , , , , , , , , , , , , , , , , , , , , , , , , , , , , , , , , , , , , , ,3,105
2026254N11252,2026,67,EP,CP,NOLO,2026-09-21 09:00:00,DS,12.8,-146.9, , , ,PROVISIONAL,1128,1128,P______________, ,EP152026,13.2,-145.7, ,DB,25,1007,-3, , , , , , , , , , , , ,1009,220,60, , , , , , , , , , , , , , , , , , , , , , , , , , , , , , , , , , , , , , , , , , , , , , , , , , , , , , , , , , , , , , , , , , , , , , , , , , , , , , , , , , , , , , , , , , , , , , , , , , , , , , , , , , , , , , , , , , , , , , , , , , , , , , , , , , , ,4,85
2026254N11252,2026,67,EP,CP,NOLO,2026-09-21 12:00:00,DS,12.8,-146.6, , , ,PROVISIONAL,1152,1152,O______________,nhc_working_bt,EP152026,13.2,-145.9, ,DB,25,1007,-3, , , , , , , , , , , , ,1009,220,60, , , , , , , , , , , , , , , , , , , , , , , , , , , , , , , , , , , , , , , , , , , , , , , , , , , , , , , , , , , , , , , , , , , , , , , , , , , , , , , , , , , , , , , , , , , , , , , , , , , , , , , , , , , , , , , , , , , , , , , , , , , , , , , , , , , ,4,70
2026254N11252,2026,67,EP,CP,NOLO,2026-09-21 15:00:00,DS,12.9,-146.5, , , ,PROVISIONAL,1153,1153,P______________, ,EP152026,13.2,-146.1, ,DB,25,1007,-3, , , , , , , , , , , , ,1009,220,60, , , , , , , , , , , , , , , , , , , , , , , , , , , , , , , , , , , , , , , , , , , , , , , , , , , , , , , , , , , , , , , , , , , , , , , , , , , , , , , , , , , , , , , , , , , , , , , , , , , , , , , , , , , , , , , , , , , , , , , , , , , , , , , , , , , ,3,35
2026254N11252,2026,67,EP,CP,NOLO,2026-09-21 18:00:00,DS,13.1,-146.4, , , ,PROVISIONAL,1147,1124,O______________,nhc_working_bt,EP152026,13.2,-146.3, ,DB,25,1007,-3, , , , , , , , , , , , ,1009,220,60, , , , , , , , , , , , , , , , , , , , , , , , , , , , , , , , , , , , , , , , , , , , , , , , , , , , , , , , , , , , , , , , , , , , , , , , , , , , , , , , , , , , , , , , , , , , , , , , , , , , , , , , , , , , , , , , , , , , , , , , , , , , , , , , , , , ,4,350
2026254N11252,2026,67,EP,CP,NOLO,2026-09-21 21:00:00,DS,13.3,-146.5, , , ,PROVISIONAL,1124,1100,P______________, ,EP152026,13.2,-146.5, ,DB,25,1007,-3, , , , , , , , , , , , ,1009,225,110, , , , , , , , , , , , , , , , , , , , , , , , , , , , , , , , , , , , , , , , , , , , , , , , , , , , , , , , , , , , , , , , , , , , , , , , , , , , , , , , , , , , , , , , , , , , , , , , , , , , , , , , , , , , , , , , , , , , , , , , , , , , , , , , , , , ,4,320
2026254N11252,2026,67,EP,CP,NOLO,2026-09-22 00:00:00,DS,13.4,-146.7, , , ,PROVISIONAL,1100,1083,O______________,nhc_working_bt,EP152026,13.2,-146.8, ,DB,25,1007,-3, , , , , , , , , , , , ,1009,230,160, , , , , , , , , , , , , , , , , , , , , , , , , , , , , , , , , , , , , , , , , , , , , , , , , , , , , , , , , , , , , , , , , , , , , , , , , , , , , , , , , , , , , , , , , , , , , , , , , , , , , , , , , , , , , , , , , , , , , , , , , , , , , , , , , , , ,5,275
2026254N11252,2026,67,EP,CP,NOLO,2026-09-22 03:00:00,DS,13.3,-147.1, , , ,PROVISIONAL,1074,1058,P______________, ,EP152026,13.2,-147.1, ,DB,25,1007,-3, , , , , , , , , , , , ,1009,230,160, , , , , , , , , , , , , , , , , , , , , , , , , , , , , , , , , , , , , , , , , , , , , , , , , , , , , , , , , , , , , , , , , , , , , , , , , , , , , , , , , , , , , , , , , , , , , , , , , , , , , , , , , , , , , , , , , , , , , , , , , , , , , , , , , , , ,8,250
2026254N11252,2026,67,EP,CP,NOLO,2026-09-22 06:00:00,DS,13.2,-147.5, , , ,PROVISIONAL,1050,1034,O______________,nhc_working_bt,EP152026,13.1,-147.6, ,DB,25,1007,-3, , , , , , , , , , , , ,1009,230,160, , , , , , , , , , , , , , , , , , , , , , , , , , , , , , , , , , , , , , , , , , , , , , , , , , , , , , , , , , , , , , , , , , , , , , , , , , , , , , , , , , , , , , , , , , , , , , , , , , , , , , , , , , , , , , , , , , , , , , , , , , , , , , , , , , , ,8,255
2026254N11252,2026,67,EP,CP,NOLO,2026-09-22 09:00:00,DS,13.1,-147.8, , , ,PROVISIONAL,1034,988,P______________, ,EP152026,13.0,-148.2, ,DB,25,1007,-3, , , , , , , , , , , , ,1009,230,160, , , , , , , , , , , , , , , , , , , , , , , , , , , , , , , , , , , , , , , , , , , , , , , , , , , , , , , , , , , , , , , , , , , , , , , , , , , , , , , , , , , , , , , , , , , , , , , , , , , , , , , , , , , , , , , , , , , , , , , , , , , , , , , , , , , ,9,270
2026254N11252,2026,67,EP,CP,NOLO,2026-09-22 12:00:00,DS,13.1,-148.4, , , ,PROVISIONAL,988,922,O______________,nhc_working_bt,EP152026,13.0,-149.0, ,DB,25,1007,-3, , , , , , , , , , , , ,1009,230,160, , , , , , , , , , , , , , , , , , , , , , , , , , , , , , , , , , , , , , , , , , , , , , , , , , , , , , , , , , , , , , , , , , , , , , , , , , , , , , , , , , , , , , , , , , , , , , , , , , , , , , , , , , , , , , , , , , , , , , , , , ,35, , , , , , , , , ,15,265
2026254N11252,2026,67,EP,CP,NOLO,2026-09-22 15:00:00,DS,13.0,-149.4, , , ,PROVISIONAL,924,859,P______________, ,EP152026,13.0,-149.8, ,DB,25,1007,-3, , , , , , , , , , , , ,1009,230,160, , , , , , , , , , , , , , , , , , , , , , , , , , , , , , , , , , , , , , , , , , , , , , , , , , , , , , , , , , , , , , , , , , , , , , , , , , , , , , , , , , , , , , , , , , , , , , , , , , , , , , , , , , , , , , , , , , , , , , , , , , , , , , , , , , , ,21,265
2026254N11252,2026,67,EP,CP,NOLO,2026-09-22 18:00:00,DS,13.0,-150.5, , , ,PROVISIONAL,853,788,O______________,nhc_working_bt,EP152026,13.0,-150.7, ,DB,25,1007,-3, , , , , , , , , , , , ,1009,230,160, , , , , , , , , , , , , , , , , , , , , , , , , , , , , , , , , , , , , , , , , , , , , , , , , , , , , , , , , , , , , , , , , , , , , , , , , , , , , , , , , , , , , , , , , , , , , , , , , , , , , , , , , , , , , , , , , , , , , , , , , ,35, , , , , , , , , ,21,270
2026254N11252,2026,67,EP,CP,NOLO,2026-09-22 21:00:00,DS,13.1,-151.5, , , ,PROVISIONAL,788,719,P______________, ,EP152026,13.1,-151.6, ,DB,25,1007,-3, , , , , , , , , , , , ,1009,230,130, , , , , , , , , , , , , , , , , , , , , , , , , , , , , , , , , , , , , , , , , , , , , , , , , , , , , , , , , , , , , , , , , , , , , , , , , , , , , , , , , , , , , , , , , , , , , , , , , , , , , , , , , , , , , , , , , , , , , , , , , , , , , , , , , , , ,19,280
2026254N11252,2026,67,EP,CP,NOLO,2026-09-23 00:00:00,DS,13.3,-152.4, , , ,PROVISIONAL,719,664,O______________,nhc_working_bt,EP152026,13.3,-152.4, ,DB,25,1006,-3, , , , , , , , , , , , ,1009,230,100, , , , , , , , , , , , , , , , , , , , , , , , , , , , , , , , , , , , , , , , , , , , , , , , , , , , , , , , , , , , , , , , , , , , , , , , , , , , , , , , , , , , , , , , , , , , , , , , , , , , , , , , , , , , , , , , , , , , , , , , , ,35, , , , , , , , , ,15,290
2026254N11252,2026,67,EP,CP,NOLO,2026-09-23 03:00:00,DS,13.6,-153.0, , , ,PROVISIONAL,659,610,P______________, ,EP152026,13.6,-153.0, ,DB,28,1006,-3, , , , , , , , , , , , ,1011,230,100, , , , , , , , , , , , , , , , , , , , , , , , , , , , , , , , , , , , , , , , , , , , , , , , , , , , , , , , , , , , , , , , , , , , , , , , , , , , , , , , , , , , , , , , , , , , , , , , , , , , , , , , , , , , , , , , , , , , , , , , , , , , , , , , , , , ,11,300
2026254N11252,2026,67,EP,CP,NOLO,2026-09-23 06:00:00,TS,13.9,-153.4, , , ,PROVISIONAL,610,563,O______________,nhc_working_bt,EP152026,13.9,-153.4, ,TD,30,1006,-1, , , , , , , , , , , , ,1012,230,100, , , , , , , , , , , , , , , , , , , , , , , , , , , , , , , , , , , , , , , , , , , , , , , , , , , , , , , , , , , , , , , , , , , , , , , , , , , , , , , , , , , , , , , , , , , , , , , , , , , , , , , , , , , , , , , , , , , , , , , , , ,40, , , , , , , , , ,10,305
2026254N11252,2026,67,EP,CP,NOLO,2026-09-23 09:00:00,TS,14.2,-153.9, , , ,PROVISIONAL,559,525,P______________, ,EP152026,14.1,-153.9, ,TD,30,1005,-1, , , , , , , , , , , , ,1011,230,95, , , , , , , , , , , , , , , , , , , , , , , , , , , , , , , , , , , , , , , , , , , , , , , , , , , , , , , , , , , , , , , , , , , , , , , , , , , , , , , , , , , , , , , , , , , , , , , , , , , , , , , , , , , , , , , , , , , , , , , , , , , , , , , , , , , ,10,300
2026254N11252,2026,67,EP,CP,NOLO,2026-09-23 12:00:00,TS,14.4,-154.3, , , ,PROVISIONAL,525,503,O______________,nhc_working_bt,EP152026,14.3,-154.3, ,TD,30,1004,-1, , , , , , , , , , , , ,1010,230,90, , , , , , , , , , , , , , , , , , , , , , , , , , , , , , , , , , , , , , , , , , , , , , , , , , , , , , , , , , , , , , , , , , , , , , , , , , , , , , , , , , , , , , , , , , , , , , , , , , , , , , , , , , , , , , , , , , , , , , , , , ,40, , , , , , , , , ,9,290
2026254N11252,2026,67,EP,CP,NOLO,2026-09-23 15:00:00,TS,14.5,-154.7, , , ,PROVISIONAL,503,496,P______________, ,EP152026,14.4,-154.7, ,TD,30,1004,-1, , , , , , , , , , , , ,1010,230,90, , , , , , , , , , , , , , , , , , , , , , , , , , , , , , , , , , , , , , , , , , , , , , , , , , , , , , , , , , , , , , , , , , , , , , , , , , , , , , , , , , , , , , , , , , , , , , , , , , , , , , , , , , , , , , , , , , , , , , , , , , , , , , , , , , , ,8,280
2026254N11252,2026,67,EP,CP,NOLO,2026-09-23 18:00:00,TS,14.5,-155.1, , , ,PROVISIONAL,496,492,O______________,nhc_working_bt,EP152026,14.5,-155.1, ,TD,30,1004,-1, , , , , , , , , , , , ,1010,230,90, , , , , , , , , , , , , , , , , , , , , , , , , , , , , , , , , , , , , , , , , , , , , , , , , , , , , , , , , , , , , , , , , , , , , , , , , , , , , , , , , , , , , , , , , , , , , , , , , , , , , , , , , , , , , , , , , , , , , , , , , ,40, , , , , , , , , ,8,275
2026254N11252,2026,67,EP,CP,NOLO,2026-09-23 21:00:00,TS,14.6,-155.5, , , ,PROVISIONAL,481,481,P______________, ,EP152026,14.6,-155.5, ,TD,35,1003,0,25, , ,35, , , , , , , , ,1010,228,75, , , , , , , , , , , , , , , , , , , , , , , , , , , , , , , , , , , , , , , , , , , , , , , , , , , , , , , , , , , , , , , , , , , , , , , , , , , , , , , , , , , , , , , , , , , , , , , , , , , , , , , , , , , , , , , , , , , , , , , , , , , , , , , , , , , ,7,280
2026254N11252,2026,67,EP,CP,NOLO,2026-09-24 00:00:00,TS,14.6,-155.8, , , ,PROVISIONAL,481,470,O______________,nhc_working_bt,EP152026,14.6,-155.8, ,TS,40,1002,0,50,0,0,70, , , , , , , , ,1009,225,60, , , , , , , , , , , , , , , , , , , , , , , , , , , , , , , , , , , , , , , , , , , , , , , , , , , , , , , , , , , , , , , , , , , , , , , , , , , , , , , , , , , , , , , , , , , , , , , , , , , , , , , , , , , , , , , , , , , , , , , , , ,50, , , , , , , , , ,4,285
2026254N11252,2026,67,EP,CP,NOLO,2026-09-24 03:00:00,TS,14.7,-155.9, , , ,PROVISIONAL,470,470,P______________, ,EP152026,14.6,-155.9, ,TS,43,1002,0,50,0,0,70, , , , , , , , ,1009,218,55, , , , , , , , , , , , , , , , , , , , , , , , , , , , , , , , , , , , , , , , , , , , , , , , , , , , , , , , , , , , , , , , , , , , , , , , , , , , , , , , , , , , , , , , , , , , , , , , , , , , , , , , , , , , , , , , , , , , , , , , , , , , , , , , , , , ,2,305
2026254N11252,2026,67,EP,CP,NOLO,2026-09-24 06:00:00,TS,14.7,-156.0, , , ,PROVISIONAL,471,459,O______________,nhc_working_bt,EP152026,14.6,-156.0, ,TS,45,1001,0,50,0,0,70, , , , , , , , ,1008,210,50, , , , , , , , , , , , , , , , , , , , , , , , , , , , , , , , , , , , , , , , , , , , , , , , , , , , , , , , , , , , , , , , , , , , , , , , , , , , , , , , , , , , , , , , , , , , , , , , , , , , , , , , , , , , , , , , , , , , , , , , , ,50, , , , ,12,45, ,45,75,2,310
2026254N11252,2026,67,EP,CP,NOLO,2026-09-24 09:00:00,TS,14.8,-156.1, , , ,PROVISIONAL,460,460,P______________, ,EP152026,14.6,-156.1, ,TS,48,999,0,60,30,15,75, , , , , , , , ,1008,210,40, , , , , , , , , , , , , , , , , , , , , , , , , , , , , , , , , , , , , , , , , , , , , , , , , , , , , , , , , , , , , , , , , , , , , , , , , , , , , , , , , , , , , , , , , , , , , , , , , , , , , , , , , , , , , , , , , , , , , , , , , , , , , , ,12,53, ,68,83,1,295
2026254N11252,2026,67,EP,CP,NOLO,2026-09-24 12:00:00,TS,14.8,-156.1, , , ,PROVISIONAL,460,460,O______________,nhc_working_bt,EP152026,14.6,-156.2, ,TS,50,997,0,70,60,30,80,30,0,0,30, , , , ,1008,210,30, , , , , , , , , , , , , , , , , , , , , , , , , , , , , , , , , , , , , , , , , , , , , , , , , , , , , , , , , , , , , , , , , , , , , , , , , , , , , , , , , , , , , , , , , , , , , , , , , , , , , , , , , , , , , , , , , , , , , , , , , ,60, , , , ,12,60, ,90,90,1,250
2026254N11252,2026,67,EP,CP,NOLO,2026-09-24 15:00:00,TS,14.7,-156.2, , , ,PROVISIONAL,473,473,P______________, ,EP152026,14.6,-156.2, ,TS,53,995,0,75,70,35,75,35,20,0,30, , , , ,1008,210,30, , , , , , , , , , , , , , , , , , , , , , , , , , , , , , , , , , , , , , , , , , , , , , , , , , , , , , , , , , , , , , , , , , , , , , , , , , , , , , , , , , , , , , , , , , , , , , , , , , , , , , , , , , , , , , , , , , , , , , , , , , , , , , ,12,60, ,90,90,1,215
2026254N11252,2026,67,EP,CP,NOLO,2026-09-24 18:00:00,TS,14.7,-156.2, , , ,PROVISIONAL,473,460,O______________,nhc_working_bt,EP152026,14.7,-156.2, ,TS,55,993,0,80,80,40,70,40,40,0,30, , , , ,1008,210,30, , , , , , , , , , , , , , , , , , , , , , , , , , , , , , , , , , , , , , , , , , , , , , , , , , , , , , , , , , , , , , , , , , , , , , , , , , , , , , , , , , , , , , , , , , , , , , , , , , , , , , , , , , , , , , , , , , , , , , , , , ,65, , , , ,12,60, ,90,90,1,70
2026254N11252,2026,67,EP,CP,NOLO,2026-09-24 21:00:00,TS,14.8,-156.1, , , ,PROVISIONAL,460,448,P______________, ,EP152026,14.8,-156.1, ,TS,58,990,0,85,85,50,70,45,45,18,35, , , , ,1008,220,30, , , , , , , , , , , , , , , , , , , , , , , , , , , , , , , , , , , , , , , , , , , , , , , , , , , , , , , , , , , , , , , , , , , , , , , , , , , , , , , , , , , , , , , , , , , , , , , , , , , , , , , , , , , , , , , , , , , , , , , , , , , , , , ,12,60, ,90,90,3,45
2026254N11252,2026,67,EP,CP,NOLO,2026-09-25 00:00:00,TS,14.9,-156.0, , , ,PROVISIONAL,448,436,O______________,nhc_working_bt,EP152026,14.9,-156.0, ,TS,60,986,0,90,90,60,70,50,50,35,40, , , , ,1008,230,30, , , , , , , , , , , , , , , , , , , , , , , , , , , , , , , , , , , , , , , , , , , , , , , , , , , , , , , , , , , , , , , , , , , , , , , , , , , , , , , , , , , , , , , , , , , , , , , , , , , , , , , , , , , , , , , , , , , , , , , , , ,75, , , , ,12,60, ,90,90,3,40
2026254N11252,2026,67,EP,CP,NOLO,2026-09-25 03:00:00,TS,15.0,-155.9, , , ,PROVISIONAL,436,414,P______________, ,EP152026,15.0,-155.9, ,TS,65,986,1,90,90,65,75,50,50,35,40,15,17, , ,1009,235,30, , , , , , , , , , , , , , , , , , , , , , , , , , , , , , , , , , , , , , , , , , , , , , , , , , , , , , , , , , , , , , , , , , , , , , , , , , , , , , , , , , , , , , , , , , , , , , , , , , , , , , , , , , , , , , , , , , , , , , , , , , , , , , ,12,60, ,90,105,4,35
2026254N11252,2026,67,EP,CP,NOLO,2026-09-25 06:00:00,TS,15.2,-155.8, , , ,PROVISIONAL,414,391,O______________,nhc_working_bt,EP152026,15.2,-155.8, ,HU,70,985,1,90,90,70,80,50,50,35,40,30,35,0,0,1010,240,30, , , , , , , , , , , , , , , , , , , , , , , , , , , , , , , , , , , , , , , , , , , , , , , , , , , , , , , , , , , , , , , , , , , , , , , , , , , , , , , , , , , , , , , , , , , , , , , , , , , , , , , , , , , , , , , , , , , , , , , , , ,85, , , , ,12,60,30,90,120,5,25
2026254N11252,2026,67,EP,CP,NOLO,2026-09-25 09:00:00,TS,15.5,-155.7, , , ,PROVISIONAL,380,347,P______________, ,EP152026,15.4,-155.6, ,HU,75,983,1,95,90,75,90,55,50,38,45,35,35,15,18,1010,240,30, , , , , , , , , , , , , , , , , , , , , , , , , , , , , , , , , , , , , , , , , , , , , , , , , , , , , , , , , , , , , , , , , , , , , , , , , , , , , , , , , , , , , , , , , , , , , , , , , , , , , , , , , , , , , , , , , , , , , , , , , , , , , , ,12,90,60,90,120,6,20
2026254N11252,2026,67,EP,CP,NOLO,2026-09-25 12:00:00,TS,15.8,-155.6, , , ,PROVISIONAL,347,325,O______________,nhc_working_bt,EP152026,15.7,-155.5, ,HU,80,980,1,100,90,80,100,60,50,40,50,40,35,30,35,1010,240,30, , , , , , , , , , , , , , , , , , , , , , , , , , , , , , , , , , , , , , , , , , , , , , , , , , , , , , , , , , , , , , , , , , , , , , , , , , , , , , , , , , , , , , , , , , , , , , , , , , , , , , , , , , , , , , , , , , , , , , , , , ,90, , , , ,12,120,90,90,120,6,20
2026254N11252,2026,67,EP,CP,NOLO,2026-09-25 15:00:00,TS,16.0,-155.5, , , ,PROVISIONAL,325,292,P______________, ,EP152026,16.0,-155.4, ,HU,85,979,2,110,100,85,110,60,50,40,55,40,35,30,35,1010,240,28, , , , , , , , , , , , , , , , , , , , , , , , , , , , , , , , , , , , , , , , , , , , , , , , , , , , , , , , , , , , , , , , , , , , , , , , , , , , , , , , , , , , , , , , , , , , , , , , , , , , , , , , , , , , , , , , , , , , , , , , , , , , , , ,12,135,105,105,135,6,15
2026254N11252,2026,67,EP,CP,NOLO,2026-09-25 18:00:00,TS,16.3,-155.4, , , ,PROVISIONAL,292,270,O______________,nhc_working_bt,EP152026,16.3,-155.4, ,HU,90,978,2,120,110,90,120,60,50,40,60,40,35,30,35,1010,240,25, , , , , , , , , , , , , , , , , , , , , , , , , , , , , , , , , , , , , , , , , , , , , , , , , , , , , , , , , , , , , , , , , , , , , , , , , , , , , , , , , , , , , , , , , , , , , , , , , , , , , , , , , , , , , , , , , , , , , , , , , ,110, , , , ,12,150,120,120,150,5,10
2026254N11252,2026,67,EP,CP,NOLO,2026-09-25 21:00:00,TS,16.5,-155.4, , , ,PROVISIONAL,270,248,P______________, ,EP152026,16.5,-155.3, ,HU,90,977,2,120,110,90,120,60,50,40,60,40,35,30,35,1010,240,25, , , , , , , , , , , , , , , , , , , , , , , , , , , , , , , , , , , , , , , , , , , , , , , , , , , , , , , , , , , , , , , , , , , , , , , , , , , , , , , , , , , , , , , , , , , , , , , , , , , , , , , , , , , , , , , , , , , , , , , , , , , , , , ,12,150,135,135,150,4,5
2026254N11252,2026,67,EP,CP,NOLO,2026-09-26 00:00:00,TS,16.7,-155.4, , , ,PROVISIONAL,248,238,O______________,nhc_working_bt,EP152026,16.7,-155.3, ,HU,90,975,2,120,110,90,120,60,50,40,60,40,35,30,35,1010,240,25, , , , , , , , , , , , , , , , , , , , , , , , , , , , , , , , , , , , , , , , , , , , , , , , , , , , , , , , , , , , , , , , , , , , , , , , , , , , , , , , , , , , , , , , , , , , , , , , , , , , , , , , , , , , , , , , , , , , , , , , , ,110, , , , ,12,150,150,150,150,3,20
2026254N11252,2026,67,EP,CP,NOLO,2026-09-26 03:00:00,TS,16.8,-155.3, , , ,PROVISIONAL,238,227,P______________, ,EP152026,16.8,-155.2, ,HU,90,975,2,120,105,95,120,60,50,45,60,40,35,30,35,1010,240,25, , , , , , , , , , , , , , , , , , , , , , , , , , , , , , , , , , , , , , , , , , , , , , , , , , , , , , , , , , , , , , , , , , , , , , , , , , , , , , , , , , , , , , , , , , , , , , , , , , , , , , , , , , , , , , , , , , , , , , , , , , , , , , ,12,150,150,165,150,3,40
2026254N11252,2026,67,EP,CP,NOLO,2026-09-26 06:00:00,TS,16.9,-155.2, , , ,PROVISIONAL,229,229,O______________,nhc_working_bt,EP152026,16.9,-155.2, ,HU,90,975,2,120,100,100,120,60,50,50,60,40,35,30,35,1010,240,25, , , , , , , , , , , , , , , , , , , , , , , , , , , , , , , , , , , , , , , , , , , , , , , , , , , , , , , , , , , , , , , , , , , , , , , , , , , , , , , , , , , , , , , , , , , , , , , , , , , , , , , , , , , , , , , , , , , , , , , , , ,110, , , , ,12,150,150,180,150,1,35
2026254N11252,2026,67,EP,CP,NOLO,2026-09-26 09:00:00,TS,16.9,-155.2, , , ,PROVISIONAL,229,227,P______________, ,EP152026,16.9,-155.2, ,HU,88,976,2,120,100,100,120,60,50,50,60,40,35,33,35,1010,240,25, , , , , , , , , , , , , , , , , , , , , , , , , , , , , , , , , , , , , , , , , , , , , , , , , , , , , , , , , , , , , , , , , , , , , , , , , , , , , , , , , , , , , , , , , , , , , , , , , , , , , , , , , , , , , , , , , , , , , , , , , , , , , , ,12,180,165,180,150,1,270
2026254N11252,2026,67,EP,CP,NOLO,2026-09-26 12:00:00,TS,16.9,-155.3, , , ,PROVISIONAL,227,224,O______________,nhc_working_bt,EP152026,16.9,-155.3, ,HU,85,976,2,120,100,100,120,60,50,50,60,40,35,35,35,1010,240,25, , , , , , , , , , , , , , , , , , , , , , , , , , , , , , , , , , , , , , , , , , , , , , , , , , , , , , , , , , , , , , , , , , , , , , , , , , , , , , , , , , , , , , , , , , , , , , , , , , , , , , , , , , , , , , , , , , , , , , , , , ,110, , , , ,12,210,180,180,150,3,255
2026254N11252,2026,67,EP,CP,NOLO,2026-09-26 15:00:00,TS,16.9,-155.5, , , ,PROVISIONAL,224,224,P______________, ,EP152026,16.9,-155.5, ,HU,85,977,2,125,100,100,125,55,45,50,60,35,30,33,33,1010,210,25, , , , , , , , , , , , , , , , , , , , , , , , , , , , , , , , , , , , , , , , , , , , , , , , , , , , , , , , , , , , , , , , , , , , , , , , , , , , , , , , , , , , , , , , , , , , , , , , , , , , , , , , , , , , , , , , , , , , , , , , , , , , , , , , , , , ,4,255
2026254N11252,2026,67,EP,CP,NOLO,2026-09-26 18:00:00,TS,16.8,-155.7, , , ,PROVISIONAL,234,234,O______________,nhc_working_bt,EP152026,16.8,-155.7, ,HU,85,977,2,130,100,100,130,50,40,50,60,30,25,30,30,1010,180,25, , , , , , , , , , , , , , , , , , , , , , , , , , , , , , , , , , , , , , , , , , , , , , , , , , , , , , , , , , , , , , , , , , , , , , , , , , , , , , , , , , , , , , , , , , , , , , , , , , , , , , , , , , , , , , , , , , , , , , , , , ,105, , , , , , , , , ,4,255
2026254N11252,2026,67,EP,CP,NOLO,2026-09-26 21:00:00,TS,16.7,-155.9, , , ,PROVISIONAL,247,247,P______________, ,EP152026,16.7,-155.9, ,HU,83,975,2,130,100,100,130,50,40,50,60,30,25,30,30,1010,180,23, , , , , , , , , , , , , , , , , , , , , , , , , , , , , , , , , , , , , , , , , , , , , , , , , , , , , , , , , , , , , , , , , , , , , , , , , , , , , , , , , , , , , , , , , , , , , , , , , , , , , , , , , , , , , , , , , , , , , , , , , , , , , , , , , , , ,4,255
2026254N11252,2026,67,EP,CP,NOLO,2026-09-27 00:00:00,TS,16.7,-156.1, , , ,PROVISIONAL,249,249,O______________,nhc_working_bt,EP152026,16.7,-156.1, ,HU,80,972,1,130,100,100,130,50,40,50,60,30,25,30,30,1010,180,20, , , , , , , , , , , , , , , , , , , , , , , , , , , , , , , , , , , , , , , , , , , , , , , , , , , , , , , , , , , , , , , , , , , , , , , , , , , , , , , , , , , , , , , , , , , , , , , , , , , , , , , , , , , , , , , , , , , , , , , , , ,100, , , , ,12,240,150,150,240,6,260
2026254N11252,2026,67,EP,CP,NOLO,2026-09-27 03:00:00,TS,16.7,-156.5, , , ,PROVISIONAL,260,260,P______________, ,EP152026,16.7,-156.5, ,HU,83,970,2,130,100,100,130,50,40,50,60,30,25,30,30,1010,180,20, , , , , , , , , , , , , , , , , , , , , , , , , , , , , , , , , , , , , , , , , , , , , , , , , , , , , , , , , , , , , , , , , , , , , , , , , , , , , , , , , , , , , , , , , , , , , , , , , , , , , , , , , , , , , , , , , , , , , , , , , , , , , , ,12,240,150,150,240,8,265
2026254N11252,2026,67,EP,CP,NOLO,2026-09-27 06:00:00,TS,16.6,-156.9, , , ,PROVISIONAL,287,287,O______________,nhc_working_bt,EP152026,16.6,-156.9, ,HU,85,968,2,130,100,100,130,50,40,50,60,30,25,30,30,1010,180,20, , , , , , , , , , , , , , , , , , , , , , , , , , , , , , , , , , , , , , , , , , , , , , , , , , , , , , , , , , , , , , , , , , , , , , , , , , , , , , , , , , , , , , , , , , , , , , , , , , , , , , , , , , , , , , , , , , , , , , , , , ,105, , , , ,12,240,150,150,240,9,250
2026254N11252,2026,67,EP,CP,NOLO,2026-09-27 09:00:00,TS,16.4,-157.3, , , ,PROVISIONAL,327,327,P______________, ,EP152026,16.4,-157.3, ,HU,85,969,2,130,100,100,130,50,40,50,60,30,25,30,30,1009,175,20, , , , , , , , , , , , , , , , , , , , , , , , , , , , , , , , , , , , , , , , , , , , , , , , , , , , , , , , , , , , , , , , , , , , , , , , , , , , , , , , , , , , , , , , , , , , , , , , , , , , , , , , , , , , , , , , , , , , , , , , , , , , , , ,12,240,150,150,240,10,245
2026254N11252,2026,67,EP,CP,NOLO,2026-09-27 12:00:00,TS,16.2,-157.8, , , ,PROVISIONAL,375,375,O______________,nhc_working_bt,EP152026,16.2,-157.8, ,HU,85,969,2,130,100,100,130,50,40,50,60,30,25,30,30,1007,170,20, , , , , , , , , , , , , , , , , , , , , , , , , , , , , , , , , , , , , , , , , , , , , , , , , , , , , , , , , , , , , , , , , , , , , , , , , , , , , , , , , , , , , , , , , , , , , , , , , , , , , , , , , , , , , , , , , , , , , , , , , ,105, , , , ,12,240,150,150,240,10,255
2026254N11252,2026,67,EP,CP,NOLO,2026-09-27 15:00:00,TS,16.1,-158.3, , , ,PROVISIONAL,417,417,P______________, ,EP152026,16.1,-158.3, ,HU,93,968,2,130,100,100,130,50,40,50,60,30,25,30,30,1007,170,20, , , , , , , , , , , , , , , , , , , , , , , , , , , , , , , , , , , , , , , , , , , , , , , , , , , , , , , , , , , , , , , , , , , , , , , , , , , , , , , , , , , , , , , , , , , , , , , , , , , , , , , , , , , , , , , , , , , , , , , , , , , , , , ,12,240,150,150,240,10,265
2026254N11252,2026,67,EP,CP,NOLO,2026-09-27 18:00:00,TS,16.1,-158.8, , , ,PROVISIONAL,454,454,O______________,nhc_working_bt,EP152026,16.1,-158.8, ,HU,100,966,3,130,100,100,130,50,40,50,60,30,25,30,30,1007,170,20, , , , , , , , , , , , , , , , , , , , , , , , , , , , , , , , , , , , , , , , , , , , , , , , , , , , , , , , , , , , , , , , , , , , , , , , , , , , , , , , , , , , , , , , , , , , , , , , , , , , , , , , , , , , , , , , , , , , , , , , , ,120, , , , ,12,240,150,150,240,10,270
2026254N11252,2026,67,EP,CP,NOLO,2026-09-27 21:00:00,TS,16.1,-159.3, , , ,PROVISIONAL,492,492,P______________, ,EP152026,16.1,-159.3, ,HU,108,957,3,130,100,90,120,50,40,45,55,30,25,25,28,1008,170,18, , , , , , , , , , , , , , , , , , , , , , , , , , , , , , , , , , , , , , , , , , , , , , , , , , , , , , , , , , , , , , , , , , , , , , , , , , , , , , , , , , , , , , , , , , , , , , , , , , , , , , , , , , , , , , , , , , , , , , , , , , , , , , ,12,270,150,165,270,10,275
2026254N11252,2026,67,EP,CP,NOLO,2026-09-28 00:00:00,TS,16.2,-159.8, , , ,PROVISIONAL,525,525,O______________,nhc_working_bt,EP152026,16.2,-159.8, ,HU,115,948,4,130,100,80,110,50,40,40,50,30,25,20,25,1008,170,15, , , , , , , , , , , , , , , , , , , , , , , , , , , , , , , , , , , , , , , , , , , , , , , , , , , , , , , , , , , , , , , , , , , , , , , , , , , , , , , , , , , , , , , , , , , , , , , , , , , , , , , , , , , , , , , , , , , , , , , , , ,140, , , , ,12,300,150,180,300,10,280
2026254N11252,2026,67,EP,CP,NOLO,2026-09-28 03:00:00,TS,16.3,-160.3, , , ,PROVISIONAL,561,561,P______________, ,EP152026,16.3,-160.3, ,HU,125,939,4,130,100,80,110,50,40,40,50,30,25,20,25,1008,170,15, , , , , , , , , , , , , , , , , , , , , , , , , , , , , , , , , , , , , , , , , , , , , , , , , , , , , , , , , , , , , , , , , , , , , , , , , , , , , , , , , , , , , , , , , , , , , , , , , , , , , , , , , , , , , , , , , , , , , , , , , , , , , , ,12,330,150,180,315,10,280
2026254N11252,2026,67,EP,CP,NOLO,2026-09-28 06:00:00,TS,16.4,-160.8, , , ,PROVISIONAL,600,600,O______________,nhc_working_bt,EP152026,16.4,-160.8, ,HU,135,929,4,130,100,80,110,50,40,40,50,30,25,20,25,1008,170,15, , , , , , , , , , , , , , , , , , , , , , , , , , , , , , , , , , , , , , , , , , , , , , , , , , , , , , , , , , , , , , , , , , , , , , , , , , , , , , , , , , , , , , , , , , , , , , , , , , , , , , , , , , , , , , , , , , , , , , , , , ,165, , , , ,12,360,150,180,330,11,285
2026254N11252,2026,67,EP,CP,NOLO,2026-09-28 09:00:00,TS,16.6,-161.4, , , ,PROVISIONAL,626,618,P______________, ,EP152026,16.6,-161.4, ,HU,135,929,4,130,100,80,110,55,45,40,55,33,28,23,30,1009,195,15, , , , , , , , , , , , , , , , , , , , , , , , , , , , , , , , , , , , , , , , , , , , , , , , , , , , , , , , , , , , , , , , , , , , , , , , , , , , , , , , , , , , , , , , , , , , , , , , , , , , , , , , , , , , , , , , , , , , , , , , , , , , , , ,12,360,150,180,330,11,290
2026254N11252,2026,67,EP,CP,NOLO,2026-09-28 12:00:00,TS,16.8,-161.9, , , ,PROVISIONAL,621,613,O______________,nhc_working_bt,EP152026,16.8,-161.9, ,HU,135,929,4,130,100,80,110,60,50,40,60,35,30,25,35,1009,220,15, , , , , , , , , , , , , , , , , , , , , , , , , , , , , , , , , , , , , , , , , , , , , , , , , , , , , , , , , , , , , , , , , , , , , , , , , , , , , , , , , , , , , , , , , , , , , , , , , , , , , , , , , , , , , , , , , , , , , , , , , ,165, , , , ,12,360,150,180,330,10,295
2026254N11252,2026,67,EP,CP,NOLO,2026-09-28 15:00:00,TS,17.0,-162.3, , , ,PROVISIONAL,617,606,P______________, ,EP152026,17.0,-162.3, ,HU,133,931,4,130,100,80,110,60,50,40,60,33,28,23,33,1009,225,15, , , , , , , , , , , , , , , , , , , , , , , , , , , , , , , , , , , , , , , , , , , , , , , , , , , , , , , , , , , , , , , , , , , , , , , , , , , , , , , , , , , , , , , , , , , , , , , , , , , , , , , , , , , , , , , , , , , , , , , , , , , , , , ,12,330,150,180,375,9,305
2026254N11252,2026,67,EP,CP,NOLO,2026-09-28 18:00:00,TS,17.3,-162.7, , , ,PROVISIONAL,607,585,O______________,nhc_working_bt,EP152026,17.3,-162.7, ,HU,130,933,4,130,100,80,110,60,50,40,60,30,25,20,30,1009,230,15, , , , , , , , , , , , , , , , , , , , , , , , , , , , , , , , , , , , , , , , , , , , , , , , , , , , , , , , , , , , , , , , , , , , , , , , , , , , , , , , , , , , , , , , , , , , , , , , , , , , , , , , , , , , , , , , , , , , , , , , , ,160, , , , ,12,300,150,180,420,11,315
2026254N11252,2026,67,EP,CP,NOLO,2026-09-28 21:00:00,TS,17.8,-163.1, , , ,PROVISIONAL,582,565,P______________, ,EP152026,17.8,-163.1, ,HU,128,935,4,130,100,80,110,60,50,40,60,30,25,20,30,1009,240,23, , , , , , , , , , , , , , , , , , , , , , , , , , , , , , , , , , , , , , , , , , , , , , , , , , , , , , , , , , , , , , , , , , , , , , , , , , , , , , , , , , , , , , , , , , , , , , , , , , , , , , , , , , , , , , , , , , , , , , , , , , , , , , ,12,285,135,195,405,13,325
2026254N11252,2026,67,EP,CP,NOLO,2026-09-29 00:00:00,TS,18.3,-163.5, , , ,PROVISIONAL,565, ,O______________,nhc_working_bt,EP152026,18.3,-163.5, ,HU,125,936,4,130,100,80,110,60,50,40,60,30,25,20,30,1008,250,30, , , , , , , , , , , , , , , , , , , , , , , , , , , , , , , , , , , , , , , , , , , , , , , , , , , , , , , , , , , , , , , , , , , , , , , , , , , , , , , , , , , , , , , , , , , , , , , , , , , , , , , , , , , , , , , , , , , , , , , , , ,150, , , , ,12,270,120,210,390,13,325
2026259N15149,2026,68,WP,MM,DUJUAN,2026-09-15 12:00:00,NR,14.9,148.9, , , ,PROVISIONAL,1911,1900,O______________,tcvitals,WP242026,14.9,148.9, , ,25,1003,-1, , , , , , , , , , , , ,1008,330,80, , , , , , , , , , , , , , , , , , , , , , , , , , , , , , , , , , , , , , , , , , , , , , , , , , , , , , , , , , , , , , , , , , , , , , , , , , , , , , , , , , , , , , , , , , , , , , , , , , , , , , , , , , , , , , , , , , , , , , , , , , , , , , , , , , , ,2,210
2026259N15149,2026,68,WP,MM,DUJUAN,2026-09-15 15:00:00,NR,14.8,148.9, , , ,PROVISIONAL,1900,1899,P______________, ,WP242026,14.8,148.9, , ,27,1002,-1, , , , , , , , , , , , ,1007,350,75, , , , , , , , , , , , , , , , , , , , , , , , , , , , , , , , , , , , , , , , , , , , , , , , , , , , , , , , , , , , , , , , , , , , , , , , , , , , , , , , , , , , , , , , , , , , , , , , , , , , , , , , , , , , , , , , , , , , , , , , , , , , , , , , , , , ,1,225
2026259N15149,2026,68,WP,MM,DUJUAN,2026-09-15 18:00:00,NR,14.8,148.8, , , ,PROVISIONAL,1899,1898,O______________,tcvitals,WP242026,14.8,148.8, , ,29,1000,-1, , , , , , , , , , , , ,1006,370,70, , , , , , , , , , , , , , , , , , , , , , , , , , , , , , , , , , , , , , , , , , , , , , , , , , , , , , , , , , , , , , , , , , , , , , , , , , , , , , , , , , , , , , , , , , , , , , , , , , , , , , , , , , , , , , , , , , , , , , , , , , , , , , , , , , , ,1,285
2026259N15149,2026,68,WP,MM,DUJUAN,2026-09-15 21:00:00,NR,14.9,148.7, , , ,PROVISIONAL,1909,1909,P______________, ,WP242026,14.9,148.7, , ,29,1000,-1, , , , , , , , , , , , ,1007,365,60, , , , , , , , , , , , , , , , , , , , , , , , , , , , , , , , , , , , , , , , , , , , , , , , , , , , , , , , , , , , , , , , , , , , , , , , , , , , , , , , , , , , , , , , , , , , , , , , , , , , , , , , , , , , , , , , , , , , , , , , , , , , , , , , , , , ,2,335
2026259N15149,2026,68,WP,MM,DUJUAN,2026-09-16 00:00:00,NR,15.0,148.7, , , ,PROVISIONAL,1921,1921,O______________,tcvitals,WP242026,15.0,148.7, , ,29,999,-1, , , , , , , , , , , , ,1007,360,50, , , , , , , , , , , , , , , , , , , , , , , , , , , , , , , , , , , , , , , , , , , , , , , , , , , , , , , , , , , , , , , , , , , , , , , , , , , , , , , , , , , , , , , , , , , , , , , , , , , , , , , , , , , , , , , , , , , , , , , , , , , , , , , , , , , ,3,5
2026259N15149,2026,68,WP,MM,DUJUAN,2026-09-16 03:00:00,NR,15.1,148.7, , , ,PROVISIONAL,1932,1932,P______________, ,WP242026,15.1,148.7, , ,29,999,-1, , , , , , , , , , , , ,1007,385,50, , , , , , , , , , , , , , , , , , , , , , , , , , , , , , , , , , , , , , , , , , , , , , , , , , , , , , , , , , , , , , , , , , , , , , , , , , , , , , , , , , , , , , , , , , , , , , , , , , , , , , , , , , , , , , , , , , , , , , , , , , , , , , , , , , , ,4,25
2026259N15149,2026,68,WP,MM,DUJUAN,2026-09-16 06:00:00,NR,15.4,148.9, , , ,PROVISIONAL,1967,1967,O______________,tcvitals,WP242026,15.4,148.9, , ,29,998,-1, , , , , , , , , , , , ,1006,410,50, , , , , , , , , , , , , , , , , , , , , , , , , , , , , , , , , , , , , , , , , , , , , , , , , , , , , , , , , , , , , , , , , , , , , , , , , , , , , , , , , , , , , , , , , , , , , , , , , , , , , , , , , , , , , , , , , , , , , , , , , , , , , , , , , , , ,9,30
2026259N15149,2026,68,WP,MM,DUJUAN,2026-09-16 09:00:00,NR,15.9,149.2, , , ,PROVISIONAL,2026,2026,P______________, ,WP242026,15.9,149.2, , ,32,996,-1, , , , , , , , , , , , ,1007,430,50, , , , , , , , , , , , , , , , , , , , , , , , , , , , , , , , , , , , , , , , , , , , , , , , , , , , , , , , , , , , , , , , , , , , , , , , , , , , , , , , , , , , , , , , , , , , , , , , , , , , , , , , , , , , , , , , , , , , , , , , , , , , , , , , , , , ,12,30
2026259N15149,2026,68,WP,MM,DUJUAN,2026-09-16 12:00:00,NR,16.5,149.5, , , ,PROVISIONAL,2096,2096,O______________,tcvitals,WP242026,16.5,149.5, , ,35,994,0, , , , , , , , , , , , ,1007,450,50, , , , , , , , , , , , , , , , , , , , , , , , , , , , , , , , , , , , , , , , , , , , , , , , , , , , , , , , , , , , , , , , , , , , , , , , , , , , , , , , , , , , , , , , , , , , , , , , , , , , , , , , , , , , , , , , , , , , , , , , , , , , , , , , , , , ,12,20
2026259N15149,2026,68,WP,MM,DUJUAN,2026-09-16 15:00:00,NR,17.0,149.6, , , ,PROVISIONAL,2153,2153,P______________, ,WP242026,17.0,149.6, , ,37,993,0, , , , , , , , , , , , ,1006,400,40, , , , , , , , , , , , , , , , , , , , , , , , , , , , , , , , , , , , , , , , , , , , , , , , , , , , , , , , , , , , , , , , , , , , , , , , , , , , , , , , , , , , , , , , , , , , , , , , , , , , , , , , , , , , , , , , , , , , , , , , , , , , , , , , , , , ,11,10
2026259N15149,2026,68,WP,MM,DUJUAN,2026-09-16 18:00:00,NR,17.6,149.7, , , ,PROVISIONAL,2161,2124,O______________,tcvitals,WP242026,17.6,149.7, , ,39,992,0, , , , , , , , , , , , ,1004,350,30, , , , , , , , , , , , , , , , , , , , , , , , , , , , , , , , , , , , , , , , , , , , , , , , , , , , , , , , , , , , , , , , , , , , , , , , , , , , , , , , , , , , , , , , , , , , , , , , , , , , , , , , , , , , , , , , , , , , , , , , , , , , , , , , , , , ,12,20
2026259N15149,2026,68,WP,MM,DUJUAN,2026-09-16 21:00:00,NR,18.2,150.1, , , ,PROVISIONAL,2119,2064,P______________, ,WP242026,18.2,150.1, , ,45,991,0, , , , , , , , , , , , ,1004,320,23, , , , , , , , , , , , , , , , , , , , , , , , , , , , , , , , , , , , , , , , , , , , , , , , , , , , , , , , , , , , , , , , , , , , , , , , , , , , , , , , , , , , , , , , , , , , , , , , , , , , , , , , , , , , , , , , , , , , , , , , , , , , , , , , , , , ,16,25
2026259N15149,2026,68,WP,MM,DUJUAN,2026-09-17 00:00:00,NR,19.0,150.4, , , ,PROVISIONAL,2054,1937,O______________,tcvitals,WP242026,19.0,150.4, , ,51,990,0,150,150,30,30, , , , , , , , ,1004,290,15, , , , , , , , , , , , , , , , , , , , , , , , , , , , , , , , , , , , , , , , , , , , , , , , , , , , , , , , , , , , , , , , , , , , , , , , , , , , , , , , , , , , , , , , , , , , , , , , , , , , , , , , , , , , , , , , , , , , , , , , , , , , , , , , , , , ,23,10
2026259N15149,2026,68,WP,MM,DUJUAN,2026-09-17 03:00:00,NR,20.4,150.6, , , ,PROVISIONAL,1928,1783,P______________, ,WP242026,20.4,150.6, , ,51,990,0,150,150,30,30, , , , , , , , ,1004,310,15, , , , , , , , , , , , , , , , , , , , , , , , , , , , , , , , , , , , , , , , , , , , , , , , , , , , , , , , , , , , , , , , , , , , , , , , , , , , , , , , , , , , , , , , , , , , , , , , , , , , , , , , , , , , , , , , , , , , , , , , , , , , , , , , , , , ,29,0
2026259N15149,2026,68,WP,MM,DUJUAN,2026-09-17 06:00:00,NR,21.9,150.4, , , ,PROVISIONAL,1774,1641,O______________,tcvitals,WP242026,21.9,150.4, , ,51,990,0,150,150,30,30, , , , , , , , ,1004,330,15, , , , , , , , , , , , , , , , , , , , , , , , , , , , , , , , , , , , , , , , , , , , , , , , , , , , , , , , , , , , , , , , , , , , , , , , , , , , , , , , , , , , , , , , , , , , , , , , , , , , , , , , , , , , , , , , , , , , , , , , , , , , , , , , , , , ,27,340
2026259N15149,2026,68,WP,MM,DUJUAN,2026-09-17 09:00:00,NR,23.0,149.7, , , ,PROVISIONAL,1631,1501,P______________, ,WP242026,23.0,149.7, , ,56,988,0,150,150,48,35, , , , , , , , ,1004,330,13, , , , , , , , , , , , , , , , , , , , , , , , , , , , , , , , , , , , , , , , , , , , , , , , , , , , , , , , , , , , , , , , , , , , , , , , , , , , , , , , , , , , , , , , , , , , , , , , , , , , , , , , , , , , , , , , , , , , , , , , , , , , , , , , , , , ,25,320
2026259N15149,2026,68,WP,MM,DUJUAN,2026-09-17 12:00:00,NR,23.8,148.6, , , ,PROVISIONAL,1496,1356,O______________,tcvitals,WP242026,23.8,148.6, , ,60,985,0,150,150,65,40, , , , , , , , ,1004,330,10, , , , , , , , , , , , , , , , , , , , , , , , , , , , , , , , , , , , , , , , , , , , , , , , , , , , , , , , , , , , , , , , , , , , , , , , , , , , , , , , , , , , , , , , , , , , , , , , , , , , , , , , , , , , , , , , , , , , , , , , , , , , , , , , , , , ,28,305
2026259N15149,2026,68,WP,MM,DUJUAN,2026-09-17 15:00:00,NR,24.7,147.3, , , ,PROVISIONAL,1342,1234,P______________, ,WP242026,24.7,147.3, , ,62,983,0,170,138,63,90, , , , , , , , ,1005,340,10, , , , , , , , , , , , , , , , , , , , , , , , , , , , , , , , , , , , , , , , , , , , , , , , , , , , , , , , , , , , , , , , , , , , , , , , , , , , , , , , , , , , , , , , , , , , , , , , , , , , , , , , , , , , , , , , , , , , , , , , , , , , , , , , , , , ,28,300
2026259N15149,2026,68,WP,MM,DUJUAN,2026-09-17 18:00:00,NR,25.2,146.0, , , ,PROVISIONAL,1230,1195,O______________,tcvitals,WP242026,25.2,146.0, , ,64,981,1,190,125,60,140, , , , , , , , ,1005,350,10, , , , , , , , , , , , , , , , , , , , , , , , , , , , , , , , , , , , , , , , , , , , , , , , , , , , , , , , , , , , , , , , , , , , , , , , , , , , , , , , , , , , , , , , , , , , , , , , , , , , , , , , , , , , , , , , , , , , , , , , , , , , , , , , , , , ,20,285
2026259N15149,2026,68,WP,MM,DUJUAN,2026-09-17 21:00:00,NR,25.2,145.2, , , ,PROVISIONAL,1195,1179,P______________, ,WP242026,25.2,145.2, , ,62,981,0,220,168,60,185, , , , , , , , ,1006,340,10, , , , , , , , , , , , , , , , , , , , , , , , , , , , , , , , , , , , , , , , , , , , , , , , , , , , , , , , , , , , , , , , , , , , , , , , , , , , , , , , , , , , , , , , , , , , , , , , , , , , , , , , , , , , , , , , , , , , , , , , , , , , , , , , , , , ,14,265
2026259N15149,2026,68,WP,MM,DUJUAN,2026-09-18 00:00:00,NR,25.1,144.5, , , ,PROVISIONAL,1179,1110,O______________,tcvitals,WP242026,25.1,144.5, , ,60,981,0,250,210,60,230, , , , , , , , ,1006,330,10, , , , , , , , , , , , , , , , , , , , , , , , , , , , , , , , , , , , , , , , , , , , , , , , , , , , , , , , , , , , , , , , , , , , , , , , , , , , , , , , , , , , , , , , , , , , , , , , , , , , , , , , , , , , , , , , , , , , , , , , , , , , , , , , , , , ,14,285
2026259N15149,2026,68,WP,MM,DUJUAN,2026-09-18 03:00:00,NR,25.5,143.7, , , ,PROVISIONAL,1110,1044,P______________, ,WP242026,25.5,143.7, , ,60,981,0,250,210,60,230, , , , , , , , ,1007,340,20, , , , , , , , , , , , , , , , , , , , , , , , , , , , , , , , , , , , , , , , , , , , , , , , , , , , , , , , , , , , , , , , , , , , , , , , , , , , , , , , , , , , , , , , , , , , , , , , , , , , , , , , , , , , , , , , , , , , , , , , , , , , , , , , , , , ,17,300
2026259N15149,2026,68,WP,MM,DUJUAN,2026-09-18 06:00:00,NR,25.9,142.9, , , ,PROVISIONAL,1044,1036,O______________,tcvitals,WP242026,25.9,142.9, , ,60,980,0,250,210,60,230, , , , , , , , ,1007,350,30, , , , , , , , , , , , , , , , , , , , , , , , , , , , , , , , , , , , , , , , , , , , , , , , , , , , , , , , , , , , , , , , , , , , , , , , , , , , , , , , , , , , , , , , , , , , , , , , , , , , , , , , , , , , , , , , , , , , , , , , , , , , , , , , , , , ,13,275
2026259N15149,2026,68,WP,MM,DUJUAN,2026-09-18 09:00:00,NR,25.6,142.3, , , ,PROVISIONAL,1058,1052,P______________, ,WP242026,25.6,142.3, , ,60,980,0,240,160,85,223, , , , , , , , ,1007,350,20, , , , , , , , , , , , , , , , , , , , , , , , , , , , , , , , , , , , , , , , , , , , , , , , , , , , , , , , , , , , , , , , , , , , , , , , , , , , , , , , , , , , , , , , , , , , , , , , , , , , , , , , , , , , , , , , , , , , , , , , , , , , , , , , , , , ,12,245
2026259N15149,2026,68,WP,MM,DUJUAN,2026-09-18 12:00:00,NR,25.4,141.7, , , ,PROVISIONAL,1059,1004,O______________,tcvitals,WP242026,25.4,141.7, , ,60,980,0,230,110,110,215, , , , , , , , ,1007,350,10, , , , , , , , , , , , , , , , , , , , , , , , , , , , , , , , , , , , , , , , , , , , , , , , , , , , , , , , , , , , , , , , , , , , , , , , , , , , , , , , , , , , , , , , , , , , , , , , , , , , , , , , , , , , , , , , , , , , , , , , , , , , , , , , , , , ,10,275
2026259N15149,2026,68,WP,MM,DUJUAN,2026-09-18 15:00:00,NR,25.8,141.2, , , ,PROVISIONAL,995,931,P______________, ,WP242026,25.8,141.2, , ,62,979,0,230,110,110,215, , , , , , , , ,1007,355,8, , , , , , , , , , , , , , , , , , , , , , , , , , , , , , , , , , , , , , , , , , , , , , , , , , , , , , , , , , , , , , , , , , , , , , , , , , , , , , , , , , , , , , , , , , , , , , , , , , , , , , , , , , , , , , , , , , , , , , , , , , , , , , , , , , , ,12,310
2026259N15149,2026,68,WP,MM,DUJUAN,2026-09-18 18:00:00,NR,26.2,140.7, , , ,PROVISIONAL,931,908,O______________,tcvitals,WP242026,26.2,140.7, , ,64,977,1,230,110,110,215, , , , , , , , ,1007,360,5, , , , , , , , , , , , , , , , , , , , , , , , , , , , , , , , , , , , , , , , , , , , , , , , , , , , , , , , , , , , , , , , , , , , , , , , , , , , , , , , , , , , , , , , , , , , , , , , , , , , , , , , , , , , , , , , , , , , , , , , , , , , , , , , , , , ,10,295
2026259N15149,2026,68,WP,MM,DUJUAN,2026-09-18 21:00:00,NR,26.2,140.2, , , ,PROVISIONAL,908,886,P______________, ,WP242026,26.2,140.2, , ,64,978,1,225,115,105,218, , , , , , , , ,1008,350,5, , , , , , , , , , , , , , , , , , , , , , , , , , , , , , , , , , , , , , , , , , , , , , , , , , , , , , , , , , , , , , , , , , , , , , , , , , , , , , , , , , , , , , , , , , , , , , , , , , , , , , , , , , , , , , , , , , , , , , , , , , , , , , , , , , , ,9,270
2026259N15149,2026,68,WP,MM,DUJUAN,2026-09-19 00:00:00,NR,26.2,139.7, , , ,PROVISIONAL,886,844,O______________,tcvitals,WP242026,26.2,139.7, , ,64,978,1,220,120,100,220, , , , , , , , ,1008,340,5, , , , , , , , , , , , , , , , , , , , , , , , , , , , , , , , , , , , , , , , , , , , , , , , , , , , , , , , , , , , , , , , , , , , , , , , , , , , , , , , , , , , , , , , , , , , , , , , , , , , , , , , , , , , , , , , , , , , , , , , , , , , , , , , , , , ,8,295
2026259N15149,2026,68,WP,MM,DUJUAN,2026-09-19 03:00:00,NR,26.5,139.4, , , ,PROVISIONAL,844,781,P______________, ,WP242026,26.5,139.4, , ,64,978,1,220,120,100,220, , , , , , , , ,1009,355,5, , , , , , , , , , , , , , , , , , , , , , , , , , , , , , , , , , , , , , , , , , , , , , , , , , , , , , , , , , , , , , , , , , , , , , , , , , , , , , , , , , , , , , , , , , , , , , , , , , , , , , , , , , , , , , , , , , , , , , , , , , , , , , , , , , , ,10,325
2026259N15149,2026,68,WP,MM,DUJUAN,2026-09-19 06:00:00,NR,27.0,139.1, , , ,PROVISIONAL,781,724,O______________,tcvitals,WP242026,27.0,139.1, , ,64,978,1,220,120,100,220, , , , , , , , ,1009,370,5, , , , , , , , , , , , , , , , , , , , , , , , , , , , , , , , , , , , , , , , , , , , , , , , , , , , , , , , , , , , , , , , , , , , , , , , , , , , , , , , , , , , , , , , , , , , , , , , , , , , , , , , , , , , , , , , , , , , , , , , , , , , , , , , , , , ,11,320
2026259N15149,2026,68,WP,MM,DUJUAN,2026-09-19 09:00:00,NR,27.4,138.6, , , ,PROVISIONAL,721,665,P______________, ,WP242026,27.4,138.6, , ,64,979,1,220,120,100,220, , , , , , , , ,1010,383,5, , , , , , , , , , , , , , , , , , , , , , , , , , , , , , , , , , , , , , , , , , , , , , , , , , , , , , , , , , , , , , , , , , , , , , , , , , , , , , , , , , , , , , , , , , , , , , , , , , , , , , , , , , , , , , , , , , , , , , , , , , , , , , , , , , , ,11,315
2026259N15149,2026,68,WP,MM,DUJUAN,2026-09-19 12:00:00,NR,27.8,138.2, , , ,PROVISIONAL,665,613,O______________,tcvitals,WP242026,27.8,138.2, , ,64,980,1,220,120,100,220, , , , , , , , ,1011,395,5, , , , , , , , , , , , , , , , , , , , , , , , , , , , , , , , , , , , , , , , , , , , , , , , , , , , , , , , , , , , , , , , , , , , , , , , , , , , , , , , , , , , , , , , , , , , , , , , , , , , , , , , , , , , , , , , , , , , , , , , , , , , , , , , , , , ,10,320
2026259N15149,2026,68,WP,MM,DUJUAN,2026-09-19 15:00:00,NR,28.2,137.9, , , ,PROVISIONAL,613,575,P______________, ,WP242026,28.2,137.9, , ,64,979,1,220,130,110,220, , , , , , , , ,1010,378,5, , , , , , , , , , , , , , , , , , , , , , , , , , , , , , , , , , , , , , , , , , , , , , , , , , , , , , , , , , , , , , , , , , , , , , , , , , , , , , , , , , , , , , , , , , , , , , , , , , , , , , , , , , , , , , , , , , , , , , , , , , , , , , , , , , , ,8,330
2026259N15149,2026,68,WP,MM,DUJUAN,2026-09-19 18:00:00,NR,28.5,137.7, , , ,PROVISIONAL,575,562,O______________,tcvitals,WP242026,28.5,137.7, , ,64,977,1,220,140,120,220, , , , , , , , ,1008,360,5, , , , , , , , , , , , , , , , , , , , , , , , , , , , , , , , , , , , , , , , , , , , , , , , , , , , , , , , , , , , , , , , , , , , , , , , , , , , , , , , , , , , , , , , , , , , , , , , , , , , , , , , , , , , , , , , , , , , , , , , , , , , , , , , , , , ,5,320
2026259N15149,2026,68,WP,MM,DUJUAN,2026-09-19 21:00:00,NR,28.6,137.6, , , ,PROVISIONAL,562,548,P______________, ,WP242026,28.6,137.6, , ,62,978,0,210,140,130,200, , , , , , , , ,1008,355,8, , , , , , , , , , , , , , , , , , , , , , , , , , , , , , , , , , , , , , , , , , , , , , , , , , , , , , , , , , , , , , , , , , , , , , , , , , , , , , , , , , , , , , , , , , , , , , , , , , , , , , , , , , , , , , , , , , , , , , , , , , , , , , , , , , , ,3,320
2026259N15149,2026,68,WP,MM,DUJUAN,2026-09-20 00:00:00,NR,28.7,137.5, , , ,PROVISIONAL,548,495,O______________,tcvitals,WP242026,28.7,137.5, , ,60,978,0,200,140,140,180, , , , , , , , ,1008,350,10, , , , , , , , , , , , , , , , , , , , , , , , , , , , , , , , , , , , , , , , , , , , , , , , , , , , , , , , , , , , , , , , , , , , , , , , , , , , , , , , , , , , , , , , , , , , , , , , , , , , , , , , , , , , , , , , , , , , , , , , , , , , , , , , , , , ,7,355
2026259N15149,2026,68,WP,MM,DUJUAN,2026-09-20 03:00:00,NR,29.2,137.5, , , ,PROVISIONAL,495,432,P______________, ,WP242026,29.2,137.5, , ,60,978,0,200,140,140,205, , , , , , , , ,1008,350,23, , , , , , , , , , , , , , , , , , , , , , , , , , , , , , , , , , , , , , , , , , , , , , , , , , , , , , , , , , , , , , , , , , , , , , , , , , , , , , , , , , , , , , , , , , , , , , , , , , , , , , , , , , , , , , , , , , , , , , , , , , , , , , , , , , , ,11,0
2026259N15149,2026,68,WP,MM,DUJUAN,2026-09-20 06:00:00,NR,29.8,137.5, , , ,PROVISIONAL,432,401,O______________,tcvitals,WP242026,29.8,137.5, , ,60,978,0,200,140,140,230, , , , , , , , ,1008,350,35, , , , , , , , , , , , , , , , , , , , , , , , , , , , , , , , , , , , , , , , , , , , , , , , , , , , , , , , , , , , , , , , , , , , , , , , , , , , , , , , , , , , , , , , , , , , , , , , , , , , , , , , , , , , , , , , , , , , , , , , , , , , , , , , , , , ,9,5
2026259N15149,2026,68,WP,MM,DUJUAN,2026-09-20 09:00:00,NR,30.1,137.5, , , ,PROVISIONAL,401,375,P______________, ,WP242026,30.1,137.5, , ,60,978,0,200,140,140,230, , , , , , , , ,1008,350,35, , , , , , , , , , , , , , , , , , , , , , , , , , , , , , , , , , , , , , , , , , , , , , , , , , , , , , , , , , , , , , , , , , , , , , , , , , , , , , , , , , , , , , , , , , , , , , , , , , , , , , , , , , , , , , , , , , , , , , , , , , , , , , , , , , , ,6,10
2026259N15149,2026,68,WP,MM,DUJUAN,2026-09-20 12:00:00,NR,30.4,137.6, , , ,PROVISIONAL,375,340,O______________,tcvitals,WP242026,30.4,137.6, , ,60,978,0,200,140,140,230, , , , , , , , ,1008,350,35, , , , , , , , , , , , , , , , , , , , , , , , , , , , , , , , , , , , , , , , , , , , , , , , , , , , , , , , , , , , , , , , , , , , , , , , , , , , , , , , , , , , , , , , , , , , , , , , , , , , , , , , , , , , , , , , , , , , , , , , , , , , , , , , , , , ,7,10
2026259N15149,2026,68,WP,MM,DUJUAN,2026-09-20 15:00:00,NR,30.8,137.7, , , ,PROVISIONAL,340,305,P______________, ,WP242026,30.8,137.7, , ,60,977,0,200,155,150,215, , , , , , , , ,1007,345,33, , , , , , , , , , , , , , , , , , , , , , , , , , , , , , , , , , , , , , , , , , , , , , , , , , , , , , , , , , , , , , , , , , , , , , , , , , , , , , , , , , , , , , , , , , , , , , , , , , , , , , , , , , , , , , , , , , , , , , , , , , , , , , , , , , , ,9,15
2026259N15149,2026,68,WP,MM,DUJUAN,2026-09-20 18:00:00,NR,31.3,137.9, , , ,PROVISIONAL,305,286,O______________,tcvitals,WP242026,31.3,137.9, , ,60,976,0,200,170,160,200, , , , , , , , ,1006,340,30, , , , , , , , , , , , , , , , , , , , , , , , , , , , , , , , , , , , , , , , , , , , , , , , , , , , , , , , , , , , , , , , , , , , , , , , , , , , , , , , , , , , , , , , , , , , , , , , , , , , , , , , , , , , , , , , , , , , , , , , , , , , , , , , , , , ,11,25
2026259N15149,2026,68,WP,MM,DUJUAN,2026-09-20 21:00:00,NR,31.8,138.2, , , ,PROVISIONAL,286,245,P______________, ,WP242026,31.8,138.2, , ,62,975,0,185,170,160,180, , , , , , , , ,1006,320,25, , , , , , , , , , , , , , , , , , , , , , , , , , , , , , , , , , , , , , , , , , , , , , , , , , , , , , , , , , , , , , , , , , , , , , , , , , , , , , , , , , , , , , , , , , , , , , , , , , , , , , , , , , , , , , , , , , , , , , , , , , , , , , , , , , , ,13,30
2026259N15149,2026,68,WP,MM,DUJUAN,2026-09-21 00:00:00,NR,32.4,138.7, , , ,PROVISIONAL,245,180,O______________,tcvitals,WP242026,32.4,138.7, , ,64,974,1,170,170,160,160, , , , , , , , ,1006,300,20, , , , , , , , , , , , , , , , , , , , , , , , , , , , , , , , , , , , , , , , , , , , , , , , , , , , , , , , , , , , , , , , , , , , , , , , , , , , , , , , , , , , , , , , , , , , , , , , , , , , , , , , , , , , , , , , , , , , , , , , , , , , , , , , , , , ,15,30
2026259N15149,2026,68,WP,MM,DUJUAN,2026-09-21 03:00:00,NR,33.0,139.2, , , ,PROVISIONAL,182,133,P______________, ,WP242026,33.0,139.2, , ,67,973,1,170,175,160,143, , , , , , , , ,1006,290,25, , , , , , , , , , , , , , , , , , , , , , , , , , , , , , , , , , , , , , , , , , , , , , , , , , , , , , , , , , , , , , , , , , , , , , , , , , , , , , , , , , , , , , , , , , , , , , , , , , , , , , , , , , , , , , , , , , , , , , , , , , , , , , , , , , , ,16,35
2026259N15149,2026,68,WP,MM,DUJUAN,2026-09-21 06:00:00,NR,33.7,139.8, , , ,PROVISIONAL,133,95,O______________,tcvitals,WP242026,33.7,139.8, , ,70,971,1,170,180,160,125, , , , , , , , ,1006,280,30, , , , , , , , , , , , , , , , , , , , , , , , , , , , , , , , , , , , , , , , , , , , , , , , , , , , , , , , , , , , , , , , , , , , , , , , , , , , , , , , , , , , , , , , , , , , , , , , , , , , , , , , , , , , , , , , , , , , , , , , , , , , , , , , , , , ,18,45
2026259N15149,2026,68,WP,MM,DUJUAN,2026-09-21 09:00:00,NR,34.2,140.7, , , ,PROVISIONAL,106,100,P______________, ,WP242026,34.2,140.7, , ,70,971,1,165,175,155,120, , , , , , , , ,1006,280,30, , , , , , , , , , , , , , , , , , , , , , , , , , , , , , , , , , , , , , , , , , , , , , , , , , , , , , , , , , , , , , , , , , , , , , , , , , , , , , , , , , , , , , , , , , , , , , , , , , , , , , , , , , , , , , , , , , , , , , , , , , , , , , , , , , , ,20,55
2026259N15149,2026,68,WP,MM,DUJUAN,2026-09-21 12:00:00,NR,34.9,141.8, , , ,PROVISIONAL,120,119,O______________,tcvitals,WP242026,34.9,141.8, , ,70,971,1,160,170,150,115, , , , , , , , ,1005,280,30, , , , , , , , , , , , , , , , , , , , , , , , , , , , , , , , , , , , , , , , , , , , , , , , , , , , , , , , , , , , , , , , , , , , , , , , , , , , , , , , , , , , , , , , , , , , , , , , , , , , , , , , , , , , , , , , , , , , , , , , , , , , , , , , , , , ,24,45
2026259N15149,2026,68,WP,MM,DUJUAN,2026-09-21 15:00:00,NR,35.9,142.9, , , ,PROVISIONAL,181,181,P______________, ,WP242026,35.9,142.9, , ,70,971,1,160,170,135,123, , , , , , , , ,1004,265,25, , , , , , , , , , , , , , , , , , , , , , , , , , , , , , , , , , , , , , , , , , , , , , , , , , , , , , , , , , , , , , , , , , , , , , , , , , , , , , , , , , , , , , , , , , , , , , , , , , , , , , , , , , , , , , , , , , , , , , , , , , , , , , , , , , , ,27,45
2026259N15149,2026,68,WP,MM,DUJUAN,2026-09-21 18:00:00,NR,36.9,144.1, , , ,PROVISIONAL,274,274,O______________,tcvitals,WP242026,36.9,144.1, , ,70,970,1,160,170,120,130, , , , , , , , ,1003,250,20, , , , , , , , , , , , , , , , , , , , , , , , , , , , , , , , , , , , , , , , , , , , , , , , , , , , , , , , , , , , , , , , , , , , , , , , , , , , , , , , , , , , , , , , , , , , , , , , , , , , , , , , , , , , , , , , , , , , , , , , , , , , , , , , , , , ,28,55
2026259N15149,2026,68,WP,MM,DUJUAN,2026-09-21 21:00:00,NR,37.6,145.7, , , ,PROVISIONAL,373,373,P______________, ,WP242026,37.6,145.7, , ,67,971,1,155,173,145,133, , , , , , , , ,1003,250,25, , , , , , , , , , , , , , , , , , , , , , , , , , , , , , , , , , , , , , , , , , , , , , , , , , , , , , , , , , , , , , , , , , , , , , , , , , , , , , , , , , , , , , , , , , , , , , , , , , , , , , , , , , , , , , , , , , , , , , , , , , , , , , , , , , , ,29,65
2026259N15149,2026,68,WP,MM,DUJUAN,2026-09-22 00:00:00,NR,38.1,147.4, , , ,PROVISIONAL,483,483,O______________,tcvitals,WP242026,38.1,147.4, , ,64,972,1,150,175,170,135, , , , , , , , ,1003,250,30, , , , , , , , , , , , , , , , , , , , , , , , , , , , , , , , , , , , , , , , , , , , , , , , , , , , , , , , , , , , , , , , , , , , , , , , , , , , , , , , , , , , , , , , , , , , , , , , , , , , , , , , , , , , , , , , , , , , , , , , , , , , , , , , , , , ,26,70
2026259N15149,2026,68,WP,MM,DUJUAN,2026-09-22 03:00:00,NR,38.5,148.8, , , ,PROVISIONAL,587,585,P______________, ,WP242026,38.5,148.8, , ,62,974,0,138,180,175,140, , , , , , , , ,1003,250,33, , , , , , , , , , , , , , , , , , , , , , , , , , , , , , , , , , , , , , , , , , , , , , , , , , , , , , , , , , , , , , , , , , , , , , , , , , , , , , , , , , , , , , , , , , , , , , , , , , , , , , , , , , , , , , , , , , , , , , , , , , , , , , , , , , , ,24,70
2026259N15149,2026,68,WP,MM,DUJUAN,2026-09-22 06:00:00,NR,39.0,150.2, , , ,PROVISIONAL,610,610,O______________,tcvitals,WP242026,39.0,150.2, , ,60,975,0,125,185,180,145, , , , , , , , ,1003,250,35, , , , , , , , , , , , , , , , , , , , , , , , , , , , , , , , , , , , , , , , , , , , , , , , , , , , , , , , , , , , , , , , , , , , , , , , , , , , , , , , , , , , , , , , , , , , , , , , , , , , , , , , , , , , , , , , , , , , , , , , , , , , , , , , , , , ,28,65
2026259N15149,2026,68,WP,MM,DUJUAN,2026-09-22 09:00:00,NR,39.7,152.1, , , ,PROVISIONAL,671,666,P______________, ,WP242026,39.7,152.1, , ,60,975,0,100,195,170,118, , , , , , , , ,1005,300,55, , , , , , , , , , , , , , , , , , , , , , , , , , , , , , , , , , , , , , , , , , , , , , , , , , , , , , , , , , , , , , , , , , , , , , , , , , , , , , , , , , , , , , , , , , , , , , , , , , , , , , , , , , , , , , , , , , , , , , , , , , , , , , , , , , , ,34,65
2026259N15149,2026,68,WP,MM,DUJUAN,2026-09-22 12:00:00,NR,40.5,154.2, , , ,PROVISIONAL,673, ,O______________,tcvitals,WP242026,40.5,154.2, , ,60,975,0,75,205,160,90, , , , , , , , ,1006,350,75, , , , , , , , , , , , , , , , , , , , , , , , , , , , , , , , , , , , , , , , , , , , , , , , , , , , , , , , , , , , , , , , , , , , , , , , , , , , , , , , , , , , , , , , , , , , , , , , , , , , , , , , , , , , , , , , , , , , , , , , , , , , , , , , , , , ,36,65
2026260N11250,2026,69,EP,MM,ODALYS,2026-09-16 18:00:00,DS,10.6,-109.8, , , ,PROVISIONAL,1096,1096,O______________,nhc_working_bt,EP162026,10.6,-109.8, ,DB,20,1010,-3, , , , , , , , , , , , ,1012,200,130, , , , , , , , , , , , , , , , , , , , , , , , , , , , , , , , , , , , , , , , , , , , , , , , , , , , , , , , , , , , , , , , , , , , , , , , , , , , , , , , , , , , , , , , , , , , , , , , , , , , , , , , , , , , , , , , , , , , , , , , , , , , , , , , , , , ,11,275
2026260N11250,2026,69,EP,MM,ODALYS,2026-09-16 21:00:00,DS,10.6,-110.3, , , ,PROVISIONAL,1129,1125,P______________, ,EP162026,10.6,-110.3, ,DB,20,1010,-3, , , , , , , , , , , , ,1012,200,125, , , , , , , , , , , , , , , , , , , , , , , , , , , , , , , , , , , , , , , , , , , , , , , , , , , , , , , , , , , , , , , , , , , , , , , , , , , , , , , , , , , , , , , , , , , , , , , , , , , , , , , , , , , , , , , , , , , , , , , , , , , , , , , , , , , ,11,275
2026260N11250,2026,69,EP,MM,ODALYS,2026-09-17 00:00:00,DS,10.7,-110.9, , , ,PROVISIONAL,1155,1155,O______________,nhc_working_bt,EP162026,10.7,-110.9, ,DB,20,1010,-3, , , , , , , , , , , , ,1012,200,120, , , , , , , , , , , , , , , , , , , , , , , , , , , , , , , , , , , , , , , , , , , , , , , , , , , , , , , , , , , , , , , , , , , , , , , , , , , , , , , , , , , , , , , , , , , , , , , , , , , , , , , , , , , , , , , , , , , , , , , , , , , , , , , , , , , ,12,275
2026260N11250,2026,69,EP,MM,ODALYS,2026-09-17 03:00:00,DS,10.8,-111.5, , , ,PROVISIONAL,1183,1183,P______________, ,EP162026,10.8,-111.5, ,DB,20,1010,-3, , , , , , , , , , , , ,1012,200,120, , , , , , , , , , , , , , , , , , , , , , , , , , , , , , , , , , , , , , , , , , , , , , , , , , , , , , , , , , , , , , , , , , , , , , , , , , , , , , , , , , , , , , , , , , , , , , , , , , , , , , , , , , , , , , , , , , , , , , , , , , , , , , , , , , , ,12,280
2026260N11250,2026,69,EP,MM,ODALYS,2026-09-17 06:00:00,DS,10.9,-112.1, , , ,PROVISIONAL,1215,1215,O______________,nhc_working_bt,EP162026,10.9,-112.1, ,DB,20,1010,-3, , , , , , , , , , , , ,1012,200,120, , , , , , , , , , , , , , , , , , , , , , , , , , , , , , , , , , , , , , , , , , , , , , , , , , , , , , , , , , , , , , , , , , , , , , , , , , , , , , , , , , , , , , , , , , , , , , , , , , , , , , , , , , , , , , , , , , , , , , , , , , , , , , , , , , , ,10,285
2026260N11250,2026,69,EP,MM,ODALYS,2026-09-17 09:00:00,DS,11.0,-112.5, , , ,PROVISIONAL,1234,1233,P______________, ,EP162026,11.0,-112.5, ,DB,23,1010,-3, , , , , , , , , , , , ,1012,160,110, , , , , , , , , , , , , , , , , , , , , , , , , , , , , , , , , , , , , , , , , , , , , , , , , , , , , , , , , , , , , , , , , , , , , , , , , , , , , , , , , , , , , , , , , , , , , , , , , , , , , , , , , , , , , , , , , , , , , , , , , , , , , , , , , , , ,10,285
2026260N11250,2026,69,EP,MM,ODALYS,2026-09-17 12:00:00,DS,11.2,-113.1, , , ,PROVISIONAL,1262,1262,O______________,nhc_working_bt,EP162026,11.2,-113.1, ,DB,25,1009,-3, , , , , , , , , , , , ,1012,120,100, , , , , , , , , , , , , , , , , , , , , , , , , , , , , , , , , , , , , , , , , , , , , , , , , , , , , , , , , , , , , , , , , , , , , , , , , , , , , , , , , , , , , , , , , , , , , , , , , , , , , , , , , , , , , , , , , , , , , , , , , , , , , , , , , , , ,16,280
2026260N11250,2026,69,EP,MM,ODALYS,2026-09-17 15:00:00,DS,11.4,-114.1, , , ,PROVISIONAL,1323,1323,P______________, ,EP162026,11.4,-114.1, ,DB,23,1009,-3, , , , , , , , , , , , ,1012,135,100, , , , , , , , , , , , , , , , , , , , , , , , , , , , , , , , , , , , , , , , , , , , , , , , , , , , , , , , , , , , , , , , , , , , , , , , , , , , , , , , , , , , , , , , , , , , , , , , , , , , , , , , , , , , , , , , , , , , , , , , , , , , , , , , , , , ,20,280
2026260N11250,2026,69,EP,MM,ODALYS,2026-09-17 18:00:00,DS,11.5,-115.1, , , ,PROVISIONAL,1385,1385,O______________,nhc_working_bt,EP162026,11.5,-115.1, ,DB,20,1009,-3, , , , , , , , , , , , ,1012,150,100, , , , , , , , , , , , , , , , , , , , , , , , , , , , , , , , , , , , , , , , , , , , , , , , , , , , , , , , , , , , , , , , , , , , , , , , , , , , , , , , , , , , , , , , , , , , , , , , , , , , , , , , , , , , , , , , , , , , , , , , , , , , , , , , , , , ,16,275
2026260N11250,2026,69,EP,MM,ODALYS,2026-09-17 21:00:00,DS,11.5,-115.7, , , ,PROVISIONAL,1411,1411,P______________, ,EP162026,11.5,-115.7, ,DB,20,1009,-3, , , , , , , , , , , , ,1012,150,100, , , , , , , , , , , , , , , , , , , , , , , , , , , , , , , , , , , , , , , , , , , , , , , , , , , , , , , , , , , , , , , , , , , , , , , , , , , , , , , , , , , , , , , , , , , , , , , , , , , , , , , , , , , , , , , , , , , , , , , , , , , , , , , , , , , ,10,270
2026260N11250,2026,69,EP,MM,ODALYS,2026-09-18 00:00:00,DS,11.5,-116.1, , , ,PROVISIONAL,1430,1430,O______________,nhc_working_bt,EP162026,11.5,-116.1, ,DB,20,1009,-3, , , , , , , , , , , , ,1012,150,100, , , , , , , , , , , , , , , , , , , , , , , , , , , , , , , , , , , , , , , , , , , , , , , , , , , , , , , , , , , , , , , , , , , , , , , , , , , , , , , , , , , , , , , , , , , , , , , , , , , , , , , , , , , , , , , , , , , , , , , , , , , , , , , , , , , ,7,270
2026260N11250,2026,69,EP,MM,ODALYS,2026-09-18 03:00:00,DS,11.5,-116.4, , , ,PROVISIONAL,1444,1444,P______________, ,EP162026,11.5,-116.4, ,DB,20,1009,-3, , , , , , , , , , , , ,1012,150,100, , , , , , , , , , , , , , , , , , , , , , , , , , , , , , , , , , , , , , , , , , , , , , , , , , , , , , , , , , , , , , , , , , , , , , , , , , , , , , , , , , , , , , , , , , , , , , , , , , , , , , , , , , , , , , , , , , , , , , , , , , , , , , , , , , , ,6,270
2026260N11250,2026,69,EP,MM,ODALYS,2026-09-18 06:00:00,DS,11.5,-116.7, , , ,PROVISIONAL,1460,1460,O______________,nhc_working_bt,EP162026,11.5,-116.7, ,DB,20,1009,-3, , , , , , , , , , , , ,1012,150,100, , , , , , , , , , , , , , , , , , , , , , , , , , , , , , , , , , , , , , , , , , , , , , , , , , , , , , , , , , , , , , , , , , , , , , , , , , , , , , , , , , , , , , , , , , , , , , , , , , , , , , , , , , , , , , , , , , , , , , , , , , , , , , , , , , , ,6,270
2026260N11250,2026,69,EP,MM,ODALYS,2026-09-18 09:00:00,DS,11.5,-117.0, , , ,PROVISIONAL,1475,1475,P______________, ,EP162026,11.5,-117.0, ,DB,20,1009,-3, , , , , , , , , , , , ,1012,150,100, , , , , , , , , , , , , , , , , , , , , , , , , , , , , , , , , , , , , , , , , , , , , , , , , , , , , , , , , , , , , , , , , , , , , , , , , , , , , , , , , , , , , , , , , , , , , , , , , , , , , , , , , , , , , , , , , , , , , , , , , , , , , , , , , , , ,6,270
2026260N11250,2026,69,EP,MM,ODALYS,2026-09-18 12:00:00,DS,11.5,-117.3, , , ,PROVISIONAL,1492,1492,O______________,nhc_working_bt,EP162026,11.5,-117.3, ,DB,20,1009,-3, , , , , , , , , , , , ,1012,150,100, , , , , , , , , , , , , , , , , , , , , , , , , , , , , , , , , , , , , , , , , , , , , , , , , , , , , , , , , , , , , , , , , , , , , , , , , , , , , , , , , , , , , , , , , , , , , , , , , , , , , , , , , , , , , , , , , , , , , , , , , , , , , , , , , , , ,5,265
2026260N11250,2026,69,EP,MM,ODALYS,2026-09-18 15:00:00,DS,11.4,-117.6, , , ,PROVISIONAL,1518,1518,P______________, ,EP162026,11.4,-117.6, ,DB,20,1009,-3, , , , , , , , , , , , ,1012,150,100, , , , , , , , , , , , , , , , , , , , , , , , , , , , , , , , , , , , , , , , , , , , , , , , , , , , , , , , , , , , , , , , , , , , , , , , , , , , , , , , , , , , , , , , , , , , , , , , , , , , , , , , , , , , , , , , , , , , , , , , , , , , , , , , , , , ,6,260
2026260N11250,2026,69,EP,MM,ODALYS,2026-09-18 18:00:00,DS,11.4,-117.9, , , ,PROVISIONAL,1535,1535,O______________,nhc_working_bt,EP162026,11.4,-117.9, ,DB,20,1009,-3, , , , , , , , , , , , ,1012,150,100, , , , , , , , , , , , , , , , , , , , , , , , , , , , , , , , , , , , , , , , , , , , , , , , , , , , , , , , , , , , , , , , , , , , , , , , , , , , , , , , , , , , , , , , , , , , , , , , , , , , , , , , , , , , , , , , , , , , , , , , , , , , , , , , , , , ,9,265
2026260N11250,2026,69,EP,MM,ODALYS,2026-09-18 21:00:00,DS,11.4,-118.5, , , ,PROVISIONAL,1571,1571,P______________, ,EP162026,11.4,-118.5, ,DB,20,1009,-3, , , , , , , , , , , , ,1012,150,100, , , , , , , , , , , , , , , , , , , , , , , , , , , , , , , , , , , , , , , , , , , , , , , , , , , , , , , , , , , , , , , , , , , , , , , , , , , , , , , , , , , , , , , , , , , , , , , , , , , , , , , , , , , , , , , , , , , , , , , , , , , , , , , , , , , ,12,270
2026260N11250,2026,69,EP,MM,ODALYS,2026-09-19 00:00:00,DS,11.4,-119.1, , , ,PROVISIONAL,1608,1608,O______________,nhc_working_bt,EP162026,11.4,-119.1, ,DB,20,1009,-3, , , , , , , , , , , , ,1012,150,100, , , , , , , , , , , , , , , , , , , , , , , , , , , , , , , , , , , , , , , , , , , , , , , , , , , , , , , , , , , , , , , , , , , , , , , , , , , , , , , , , , , , , , , , , , , , , , , , , , , , , , , , , , , , , , , , , , , , , , , , , , , , , , , , , , , ,12,270
2026260N11250,2026,69,EP,MM,ODALYS,2026-09-19 03:00:00,DS,11.4,-119.7, , , ,PROVISIONAL,1647,1647,P______________, ,EP162026,11.4,-119.7, ,DB,23,1009,-3, , , , , , , , , , , , ,1012,150,100, , , , , , , , , , , , , , , , , , , , , , , , , , , , , , , , , , , , , , , , , , , , , , , , , , , , , , , , , , , , , , , , , , , , , , , , , , , , , , , , , , , , , , , , , , , , , , , , , , , , , , , , , , , , , , , , , , , , , , , , , , , , , , , , , , , ,12,270
2026260N11250,2026,69,EP,MM,ODALYS,2026-09-19 06:00:00,DS,11.4,-120.3, , , ,PROVISIONAL,1687,1687,O______________,nhc_working_bt,EP162026,11.4,-120.3, ,DB,25,1009,-3, , , , , , , , , , , , ,1012,150,100, , , , , , , , , , , , , , , , , , , , , , , , , , , , , , , , , , , , , , , , , , , , , , , , , , , , , , , , , , , , , , , , , , , , , , , , , , , , , , , , , , , , , , , , , , , , , , , , , , , , , , , , , , , , , , , , , , , , , , , , , , , , , , , , , , , ,11,265
2026260N11250,2026,69,EP,MM,ODALYS,2026-09-19 09:00:00,DS,11.4,-120.9, , , ,PROVISIONAL,1729,1729,P______________, ,EP162026,11.4,-120.9, ,DB,25,1009,-3, , , , , , , , , , , , ,1012,150,100, , , , , , , , , , , , , , , , , , , , , , , , , , , , , , , , , , , , , , , , , , , , , , , , , , , , , , , , , , , , , , , , , , , , , , , , , , , , , , , , , , , , , , , , , , , , , , , , , , , , , , , , , , , , , , , , , , , , , , , , , , , , , , , , , , , ,11,265
2026260N11250,2026,69,EP,MM,ODALYS,2026-09-19 12:00:00,DS,11.3,-121.4, , , ,PROVISIONAL,1773,1773,O______________,nhc_working_bt,EP162026,11.3,-121.4, ,DB,25,1008,-3, , , , , , , , , , , , ,1011,150,100, , , , , , , , , , , , , , , , , , , , , , , , , , , , , , , , , , , , , , , , , , , , , , , , , , , , , , , , , , , , , , , , , , , , , , , , , , , , , , , , , , , , , , , , , , , , , , , , , , , , , , , , , , , , , , , , , , , , , , , , , , , , , , , , , , , ,11,265
2026260N11250,2026,69,EP,MM,ODALYS,2026-09-19 15:00:00,DS,11.2,-122.0, , , ,PROVISIONAL,1826,1826,P______________, ,EP162026,11.2,-122.0, ,DB,25,1008,-3, , , , , , , , , , , , ,1012,165,95, , , , , , , , , , , , , , , , , , , , , , , , , , , , , , , , , , , , , , , , , , , , , , , , , , , , , , , , , , , , , , , , , , , , , , , , , , , , , , , , , , , , , , , , , , , , , , , , , , , , , , , , , , , , , , , , , , , , , , , , , , , , , , , , , , , ,11,265
2026260N11250,2026,69,EP,MM,ODALYS,2026-09-19 18:00:00,DS,11.2,-122.5, , , ,PROVISIONAL,1863,1863,O______________,nhc_working_bt,EP162026,11.2,-122.5, ,DB,25,1008,-3, , , , , , , , , , , , ,1012,180,90, , , , , , , , , , , , , , , , , , , , , , , , , , , , , , , , , , , , , , , , , , , , , , , , , , , , , , , , , , , , , , , , , , , , , , , , , , , , , , , , , , , , , , , , , , , , , , , , , , , , , , , , , , , , , , , , , , , , , , , , , , , , , , , , , , , ,10,270
2026260N11250,2026,69,EP,MM,ODALYS,2026-09-19 21:00:00,DS,11.3,-123.0, , , ,PROVISIONAL,1888,1888,P______________, ,EP162026,11.3,-123.0, ,DB,25,1008,-3, , , , , , , , , , , , ,1012,180,90, , , , , , , , , , , , , , , , , , , , , , , , , , , , , , , , , , , , , , , , , , , , , , , , , , , , , , , , , , , , , , , , , , , , , , , , , , , , , , , , , , , , , , , , , , , , , , , , , , , , , , , , , , , , , , , , , , , , , , , , , , , , , , , , , , , ,10,275
2026260N11250,2026,69,EP,MM,ODALYS,2026-09-20 00:00:00,DS,11.3,-123.5, , , ,PROVISIONAL,1921,1921,O______________,nhc_working_bt,EP162026,11.3,-123.5, ,DB,25,1008,-3, , , , , , , , , , , , ,1012,180,90, , , , , , , , , , , , , , , , , , , , , , , , , , , , , , , , , , , , , , , , , , , , , , , , , , , , , , , , , , , , , , , , , , , , , , , , , , , , , , , , , , , , , , , , , , , , , , , , , , , , , , , , , , , , , , , , , , , , , , , , , , , , , , , , , , , ,9,265
2026260N11250,2026,69,EP,MM,ODALYS,2026-09-20 03:00:00,DS,11.2,-123.9, , , ,PROVISIONAL,1956,1956,P______________, ,EP162026,11.2,-123.9, ,DB,30,1007,-3, , , , , , , , , , , , ,1011,153,70, , , , , , , , , , , , , , , , , , , , , , , , , , , , , , , , , , , , , , , , , , , , , , , , , , , , , , , , , , , , , , , , , , , , , , , , , , , , , , , , , , , , , , , , , , , , , , , , , , , , , , , , , , , , , , , , , , , , , , , , , , , , , , , , , , , ,8,260
2026260N11250,2026,69,EP,MM,ODALYS,2026-09-20 06:00:00,TS,11.1,-124.3, , , ,PROVISIONAL,1992,1992,O______________,nhc_working_bt,EP162026,11.1,-124.3, ,TS,35,1005,0,60,0,0,40, , , , , , , , ,1010,125,50, , , , , , , , , , , , , , , , , , , , , , , , , , , , , , , , , , , , , , , , , , , , , , , , , , , , , , , , , , , , , , , , , , , , , , , , , , , , , , , , , , , , , , , , , , , , , , , , , , , , , , , , , , , , , , , , , , , , , , , , , ,45, , , , , , , , , ,8,260
2026260N11250,2026,69,EP,MM,ODALYS,2026-09-20 09:00:00,TS,11.1,-124.7, , , ,PROVISIONAL,2020,2020,P______________, ,EP162026,11.0,-124.7, ,TS,38,1004,0,60,0,0,40, , , , , , , , ,1010,123,50, , , , , , , , , , , , , , , , , , , , , , , , , , , , , , , , , , , , , , , , , , , , , , , , , , , , , , , , , , , , , , , , , , , , , , , , , , , , , , , , , , , , , , , , , , , , , , , , , , , , , , , , , , , , , , , , , , , , , , , , , , , , , , , , , , , ,9,270
2026260N11250,2026,69,EP,MM,ODALYS,2026-09-20 12:00:00,TS,11.1,-125.2, , , ,PROVISIONAL,2055,2055,O______________,nhc_working_bt,EP162026,11.1,-125.2, ,TS,40,1003,0,60,0,0,40, , , , , , , , ,1010,120,50, , , , , , , , , , , , , , , , , , , , , , , , , , , , , , , , , , , , , , , , , , , , , , , , , , , , , , , , , , , , , , , , , , , , , , , , , , , , , , , , , , , , , , , , , , , , , , , , , , , , , , , , , , , , , , , , , , , , , , , , , ,50, , , , , , , , , ,10,280
2026260N11250,2026,69,EP,MM,ODALYS,2026-09-20 15:00:00,TS,11.2,-125.7, , , ,PROVISIONAL,2082,2081,P______________, ,EP162026,11.3,-125.7, ,TS,43,1003,0,60,0,0,40, , , , , , , , ,1010,120,50, , , , , , , , , , , , , , , , , , , , , , , , , , , , , , , , , , , , , , , , , , , , , , , , , , , , , , , , , , , , , , , , , , , , , , , , , , , , , , , , , , , , , , , , , , , , , , , , , , , , , , , , , , , , , , , , , , , , , , , , , , , , , , , , , , , ,11,295
2026260N11250,2026,69,EP,MM,ODALYS,2026-09-20 18:00:00,TS,11.5,-126.2, , , ,PROVISIONAL,2094,2084,O______________,nhc_working_bt,EP162026,11.6,-126.3, ,TS,45,1002,0,60,0,0,40, , , , , , , , ,1010,120,50, , , , , , , , , , , , , , , , , , , , , , , , , , , , , , , , , , , , , , , , , , , , , , , , , , , , , , , , , , , , , , , , , , , , , , , , , , , , , , , , , , , , , , , , , , , , , , , , , , , , , , , , , , , , , , , , , , , , , , , , , ,55, , , , ,12,60, , , ,14,310
2026260N11250,2026,69,EP,MM,ODALYS,2026-09-20 21:00:00,TS,12.2,-126.8, , , ,PROVISIONAL,2084,2076,P______________, ,EP162026,12.2,-126.8, ,TS,45,1002,0,60,0,0,40, , , , , , , , ,1010,120,50, , , , , , , , , , , , , , , , , , , , , , , , , , , , , , , , , , , , , , , , , , , , , , , , , , , , , , , , , , , , , , , , , , , , , , , , , , , , , , , , , , , , , , , , , , , , , , , , , , , , , , , , , , , , , , , , , , , , , , , , , , , , , , ,12,60, , , ,16,320
2026260N11250,2026,69,EP,MM,ODALYS,2026-09-21 00:00:00,TS,12.8,-127.3, , , ,PROVISIONAL,2077,2077,O______________,nhc_working_bt,EP162026,12.8,-127.3, ,TS,45,1002,0,60,0,0,40, , , , , , , , ,1010,120,50, , , , , , , , , , , , , , , , , , , , , , , , , , , , , , , , , , , , , , , , , , , , , , , , , , , , , , , , , , , , , , , , , , , , , , , , , , , , , , , , , , , , , , , , , , , , , , , , , , , , , , , , , , , , , , , , , , , , , , , , , ,55, , , , ,12,60, , , ,14,315
2026260N11250,2026,69,EP,MM,ODALYS,2026-09-21 03:00:00,TS,13.1,-127.8, , , ,PROVISIONAL,2095,2095,P______________, ,EP162026,13.1,-127.8, ,TS,43,1003,0,65,25,0,45, , , , , , , , ,1010,120,50, , , , , , , , , , , , , , , , , , , , , , , , , , , , , , , , , , , , , , , , , , , , , , , , , , , , , , , , , , , , , , , , , , , , , , , , , , , , , , , , , , , , , , , , , , , , , , , , , , , , , , , , , , , , , , , , , , , , , , , , , , , , , , ,12,90, , , ,11,295
2026260N11250,2026,69,EP,MM,ODALYS,2026-09-21 06:00:00,TS,13.3,-128.3, , , ,PROVISIONAL,2120,2118,O______________,nhc_working_bt,EP162026,13.3,-128.3, ,TS,40,1004,0,70,50,0,50, , , , , , , , ,1010,120,50, , , , , , , , , , , , , , , , , , , , , , , , , , , , , , , , , , , , , , , , , , , , , , , , , , , , , , , , , , , , , , , , , , , , , , , , , , , , , , , , , , , , , , , , , , , , , , , , , , , , , , , , , , , , , , , , , , , , , , , , , ,50, , , , ,12,120,75,30,90,10,295
2026260N11250,2026,69,EP,MM,ODALYS,2026-09-21 09:00:00,TS,13.5,-128.7, , , ,PROVISIONAL,2130,2128,P______________, ,EP162026,13.5,-128.7, ,TS,40,1004,0,70,50,0,50, , , , , , , , ,1010,135,50, , , , , , , , , , , , , , , , , , , , , , , , , , , , , , , , , , , , , , , , , , , , , , , , , , , , , , , , , , , , , , , , , , , , , , , , , , , , , , , , , , , , , , , , , , , , , , , , , , , , , , , , , , , , , , , , , , , , , , , , , , , , , , ,12,120,98,53,98,8,295
2026260N11250,2026,69,EP,MM,ODALYS,2026-09-21 12:00:00,TS,13.7,-129.1, , , ,PROVISIONAL,2141,2141,O______________,nhc_working_bt,EP162026,13.6,-129.0, ,TS,40,1003,0,70,50,0,50, , , , , , , , ,1009,150,50, , , , , , , , , , , , , , , , , , , , , , , , , , , , , , , , , , , , , , , , , , , , , , , , , , , , , , , , , , , , , , , , , , , , , , , , , , , , , , , , , , , , , , , , , , , , , , , , , , , , , , , , , , , , , , , , , , , , , , , , , ,50, , , , ,12,120,120,75,105,7,290
2026260N11250,2026,69,EP,MM,ODALYS,2026-09-21 15:00:00,TS,13.7,-129.4, , , ,PROVISIONAL,2162,2161,P______________, ,EP162026,13.7,-129.4, ,TS,43,1003,0,70,50,0,50, , , , , , , , ,1011,165,45, , , , , , , , , , , , , , , , , , , , , , , , , , , , , , , , , , , , , , , , , , , , , , , , , , , , , , , , , , , , , , , , , , , , , , , , , , , , , , , , , , , , , , , , , , , , , , , , , , , , , , , , , , , , , , , , , , , , , , , , , , , , , , , , , , , ,6,280
2026260N11250,2026,69,EP,MM,ODALYS,2026-09-21 18:00:00,TS,13.8,-129.7, , , ,PROVISIONAL,2175,2174,O______________,nhc_working_bt,EP162026,13.8,-129.7, ,TS,45,1002,0,70,50,0,50, , , , , , , , ,1012,180,40, , , , , , , , , , , , , , , , , , , , , , , , , , , , , , , , , , , , , , , , , , , , , , , , , , , , , , , , , , , , , , , , , , , , , , , , , , , , , , , , , , , , , , , , , , , , , , , , , , , , , , , , , , , , , , , , , , , , , , , , , , , , , , , , , , , ,6,295
2026260N11250,2026,69,EP,MM,ODALYS,2026-09-21 21:00:00,TS,14.0,-130.0, , , ,PROVISIONAL,2181,2179,P______________, ,EP162026,14.0,-130.0, ,TS,45,1002,0,70,50,30,50, , , , , , , , ,1011,190,40, , , , , , , , , , , , , , , , , , , , , , , , , , , , , , , , , , , , , , , , , , , , , , , , , , , , , , , , , , , , , , , , , , , , , , , , , , , , , , , , , , , , , , , , , , , , , , , , , , , , , , , , , , , , , , , , , , , , , , , , , , , , , , , , , , , ,6,305
2026260N11250,2026,69,EP,MM,ODALYS,2026-09-22 00:00:00,TS,14.2,-130.2, , , ,PROVISIONAL,2179,2178,O______________,nhc_working_bt,EP162026,14.3,-130.2, ,TS,45,1002,0,70,50,60,50, , , , , , , , ,1010,200,40, , , , , , , , , , , , , , , , , , , , , , , , , , , , , , , , , , , , , , , , , , , , , , , , , , , , , , , , , , , , , , , , , , , , , , , , , , , , , , , , , , , , , , , , , , , , , , , , , , , , , , , , , , , , , , , , , , , , , , , , , , , , , , , , , , , ,5,315
2026260N11250,2026,69,EP,MM,ODALYS,2026-09-22 03:00:00,TS,14.3,-130.4, , , ,PROVISIONAL,2186,2178,P______________, ,EP162026,14.4,-130.4, ,TS,48,1001,0,70,55,60,55, , , , , , , , ,1011,200,35, , , , , , , , , , , , , , , , , , , , , , , , , , , , , , , , , , , , , , , , , , , , , , , , , , , , , , , , , , , , , , , , , , , , , , , , , , , , , , , , , , , , , , , , , , , , , , , , , , , , , , , , , , , , , , , , , , , , , , , , , , , , , , , , , , , ,4,320
2026260N11250,2026,69,EP,MM,ODALYS,2026-09-22 06:00:00,TS,14.5,-130.5, , , ,PROVISIONAL,2178,2169,O______________,nhc_working_bt,EP162026,14.5,-130.5, ,TS,50,1000,0,70,60,60,60,30,30,0,0, , , , ,1012,200,30, , , , , , , , , , , , , , , , , , , , , , , , , , , , , , , , , , , , , , , , , , , , , , , , , , , , , , , , , , , , , , , , , , , , , , , , , , , , , , , , , , , , , , , , , , , , , , , , , , , , , , , , , , , , , , , , , , , , , , , , , ,60, , , , ,12,120,150,60,120,4,330
2026260N11250,2026,69,EP,MM,ODALYS,2026-09-22 09:00:00,TS,14.7,-130.6, , , ,PROVISIONAL,2169,2162,P______________, ,EP162026,14.6,-130.6, ,TS,53,999,0,75,70,60,60,30,30,0,0, , , , ,1012,200,30, , , , , , , , , , , , , , , , , , , , , , , , , , , , , , , , , , , , , , , , , , , , , , , , , , , , , , , , , , , , , , , , , , , , , , , , , , , , , , , , , , , , , , , , , , , , , , , , , , , , , , , , , , , , , , , , , , , , , , , , , , , , , , ,12,135,150,68,128,3,350
2026260N11250,2026,69,EP,MM,ODALYS,2026-09-22 12:00:00,TS,14.8,-130.6, , , ,PROVISIONAL,2162,2154,O______________,nhc_working_bt,EP162026,14.8,-130.7, ,TS,55,998,0,80,80,60,60,30,30,0,0, , , , ,1012,200,30, , , , , , , , , , , , , , , , , , , , , , , , , , , , , , , , , , , , , , , , , , , , , , , , , , , , , , , , , , , , , , , , , , , , , , , , , , , , , , , , , , , , , , , , , , , , , , , , , , , , , , , , , , , , , , , , , , , , , , , , , ,65, , , , ,12,150,150,75,135,2,5
2026260N11250,2026,69,EP,MM,ODALYS,2026-09-22 15:00:00,TS,14.9,-130.6, , , ,PROVISIONAL,2154,2131,P______________, ,EP162026,14.9,-130.6, ,TS,58,996,0,80,110,60,60,35,35,0,0, , , , ,1012,200,25, , , , , , , , , , , , , , , , , , , , , , , , , , , , , , , , , , , , , , , , , , , , , , , , , , , , , , , , , , , , , , , , , , , , , , , , , , , , , , , , , , , , , , , , , , , , , , , , , , , , , , , , , , , , , , , , , , , , , , , , , , , , , , ,12,150,150,83,143,3,40
2026260N11250,2026,69,EP,MM,ODALYS,2026-09-22 18:00:00,TS,15.0,-130.4, , , ,PROVISIONAL,2131,2092,O______________,nhc_working_bt,EP162026,15.0,-130.4, ,TS,60,994,0,80,140,60,60,40,40,0,0, , , , ,1012,200,20, , , , , , , , , , , , , , , , , , , , , , , , , , , , , , , , , , , , , , , , , , , , , , , , , , , , , , , , , , , , , , , , , , , , , , , , , , , , , , , , , , , , , , , , , , , , , , , , , , , , , , , , , , , , , , , , , , , , , , , , , ,75, , , , ,12,150,150,90,150,6,70
2026260N11250,2026,69,EP,MM,ODALYS,2026-09-22 21:00:00,TS,15.1,-129.9, , , ,PROVISIONAL,2084,2031,P______________, ,EP162026,15.1,-129.9, ,TS,60,994,0,85,135,60,65,45,45,0,0, , , , ,1011,210,25, , , , , , , , , , , , , , , , , , , , , , , , , , , , , , , , , , , , , , , , , , , , , , , , , , , , , , , , , , , , , , , , , , , , , , , , , , , , , , , , , , , , , , , , , , , , , , , , , , , , , , , , , , , , , , , , , , , , , , , , , , , , , , ,12,150,150,105,150,10,75
2026260N11250,2026,69,EP,MM,ODALYS,2026-09-23 00:00:00,TS,15.3,-129.4, , , ,PROVISIONAL,2031,1985,O______________,nhc_working_bt,EP162026,15.2,-129.4, ,TS,60,994,0,90,130,60,70,50,50,0,0, , , , ,1010,220,30, , , , , , , , , , , , , , , , , , , , , , , , , , , , , , , , , , , , , , , , , , , , , , , , , , , , , , , , , , , , , , , , , , , , , , , , , , , , , , , , , , , , , , , , , , , , , , , , , , , , , , , , , , , , , , , , , , , , , , , , , ,75, , , , ,12,150,150,120,150,10,70
2026260N11250,2026,69,EP,MM,ODALYS,2026-09-23 03:00:00,TS,15.5,-129.0, , , ,PROVISIONAL,1985,1946,P______________, ,EP162026,15.3,-129.0, ,TS,63,992,0,90,130,60,70,45,50,0,20, , , , ,1010,215,20, , , , , , , , , , , , , , , , , , , , , , , , , , , , , , , , , , , , , , , , , , , , , , , , , , , , , , , , , , , , , , , , , , , , , , , , , , , , , , , , , , , , , , , , , , , , , , , , , , , , , , , , , , , , , , , , , , , , , , , , , , , , , , ,12,150,180,135,165,8,60
2026260N11250,2026,69,EP,MM,ODALYS,2026-09-23 06:00:00,TS,15.7,-128.7, , , ,PROVISIONAL,1946,1916,O______________,nhc_working_bt,EP162026,15.4,-128.7, ,HU,65,989,1,90,130,60,70,40,50,0,40,10,10,0,0,1010,210,10, , , , , , , , , , , , , , , , , , , , , , , , , , , , , , , , , , , , , , , , , , , , , , , , , , , , , , , , , , , , , , , , , , , , , , , , , , , , , , , , , , , , , , , , , , , , , , , , , , , , , , , , , , , , , , , , , , , , , , , , , ,80, , , , ,12,150,210,150,180,6,65
2026260N11250,2026,69,EP,MM,ODALYS,2026-09-23 09:00:00,TS,15.8,-128.4, , , ,PROVISIONAL,1916,1901,P______________, ,EP162026,15.5,-128.4, ,HU,65,989,1,100,120,80,90,50,50,20,45,20,15,10,10,1009,210,10, , , , , , , , , , , , , , , , , , , , , , , , , , , , , , , , , , , , , , , , , , , , , , , , , , , , , , , , , , , , , , , , , , , , , , , , , , , , , , , , , , , , , , , , , , , , , , , , , , , , , , , , , , , , , , , , , , , , , , , , , , , , , , ,12,165,225,150,180,5,80
2026260N11250,2026,69,EP,MM,ODALYS,2026-09-23 12:00:00,TS,15.8,-128.2, , , ,PROVISIONAL,1901,1888,O______________,nhc_working_bt,EP162026,15.5,-128.1, ,HU,65,989,1,110,110,100,110,60,50,40,50,30,20,20,20,1008,210,10, , , , , , , , , , , , , , , , , , , , , , , , , , , , , , , , , , , , , , , , , , , , , , , , , , , , , , , , , , , , , , , , , , , , , , , , , , , , , , , , , , , , , , , , , , , , , , , , , , , , , , , , , , , , , , , , , , , , , , , , , ,80, , , , ,12,180,240,150,180,6,105
2026260N11250,2026,69,EP,MM,ODALYS,2026-09-23 15:00:00,TS,15.6,-127.8, , , ,PROVISIONAL,1889,1874,P______________, ,EP162026,15.5,-127.8, ,HU,68,987,1,110,110,100,110,60,50,40,50,30,20,20,20,1009,220,15, , , , , , , , , , , , , , , , , , , , , , , , , , , , , , , , , , , , , , , , , , , , , , , , , , , , , , , , , , , , , , , , , , , , , , , , , , , , , , , , , , , , , , , , , , , , , , , , , , , , , , , , , , , , , , , , , , , , , , , , , , , , , , ,12,180,240,150,195,7,110
2026260N11250,2026,69,EP,MM,ODALYS,2026-09-23 18:00:00,TS,15.5,-127.5, , , ,PROVISIONAL,1876,1854,O______________,nhc_working_bt,EP162026,15.5,-127.5, ,HU,70,984,1,110,110,100,110,60,50,40,50,30,20,20,20,1010,230,20, , , , , , , , , , , , , , , , , , , , , , , , , , , , , , , , , , , , , , , , , , , , , , , , , , , , , , , , , , , , , , , , , , , , , , , , , , , , , , , , , , , , , , , , , , , , , , , , , , , , , , , , , , , , , , , , , , , , , , , , , ,80, , , , ,12,180,240,150,210,6,100
2026260N11250,2026,69,EP,MM,ODALYS,2026-09-23 21:00:00,TS,15.5,-127.2, , , ,PROVISIONAL,1854,1825,P______________, ,EP162026,15.5,-127.2, ,HU,73,981,1,110,110,100,110,60,50,40,50,30,20,20,20,1009,230,20, , , , , , , , , , , , , , , , , , , , , , , , , , , , , , , , , , , , , , , , , , , , , , , , , , , , , , , , , , , , , , , , , , , , , , , , , , , , , , , , , , , , , , , , , , , , , , , , , , , , , , , , , , , , , , , , , , , , , , , , , , , , , , ,12,195,255,150,225,6,80
2026260N11250,2026,69,EP,MM,ODALYS,2026-09-24 00:00:00,TS,15.6,-126.9, , , ,PROVISIONAL,1825,1796,O______________,nhc_working_bt,EP162026,15.6,-126.9, ,HU,75,978,1,110,110,100,110,60,50,40,50,30,20,20,20,1008,230,20, , , , , , , , , , , , , , , , , , , , , , , , , , , , , , , , , , , , , , , , , , , , , , , , , , , , , , , , , , , , , , , , , , , , , , , , , , , , , , , , , , , , , , , , , , , , , , , , , , , , , , , , , , , , , , , , , , , , , , , , , ,90, , , , ,12,210,270,150,240,6,70
2026260N11250,2026,69,EP,MM,ODALYS,2026-09-24 03:00:00,TS,15.7,-126.6, , , ,PROVISIONAL,1796,1758,P______________, ,EP162026,15.7,-126.6, ,HU,75,978,1,115,95,90,95,60,55,45,55,30,23,20,23,1010,225,20, , , , , , , , , , , , , , , , , , , , , , , , , , , , , , , , , , , , , , , , , , , , , , , , , , , , , , , , , , , , , , , , , , , , , , , , , , , , , , , , , , , , , , , , , , , , , , , , , , , , , , , , , , , , , , , , , , , , , , , , , , , , , , ,12,195,255,165,240,7,65
2026260N11250,2026,69,EP,MM,ODALYS,2026-09-24 06:00:00,TS,15.9,-126.3, , , ,PROVISIONAL,1758,1736,O______________,nhc_working_bt,EP162026,15.9,-126.3, ,HU,75,978,1,120,80,80,80,60,60,50,60,30,25,20,25,1011,220,20, , , , , , , , , , , , , , , , , , , , , , , , , , , , , , , , , , , , , , , , , , , , , , , , , , , , , , , , , , , , , , , , , , , , , , , , , , , , , , , , , , , , , , , , , , , , , , , , , , , , , , , , , , , , , , , , , , , , , , , , , ,90, , , , ,12,180,240,180,240,6,60
2026260N11250,2026,69,EP,MM,ODALYS,2026-09-24 09:00:00,TS,16.0,-126.1, , , ,PROVISIONAL,1736,1698,P______________, ,EP162026,16.0,-126.1, ,HU,78,977,1,120,80,80,80,60,60,50,60,30,25,20,25,1011,220,20, , , , , , , , , , , , , , , , , , , , , , , , , , , , , , , , , , , , , , , , , , , , , , , , , , , , , , , , , , , , , , , , , , , , , , , , , , , , , , , , , , , , , , , , , , , , , , , , , , , , , , , , , , , , , , , , , , , , , , , , , , , , , , ,12,180,240,180,240,6,60
2026260N11250,2026,69,EP,MM,ODALYS,2026-09-24 12:00:00,TS,16.2,-125.8, , , ,PROVISIONAL,1698,1661,O______________,nhc_working_bt,EP162026,16.2,-125.8, ,HU,80,976,1,120,80,80,80,60,60,50,60,30,25,20,25,1011,220,20, , , , , , , , , , , , , , , , , , , , , , , , , , , , , , , , , , , , , , , , , , , , , , , , , , , , , , , , , , , , , , , , , , , , , , , , , , , , , , , , , , , , , , , , , , , , , , , , , , , , , , , , , , , , , , , , , , , , , , , , , ,100, , , , ,12,180,240,180,240,7,60
2026260N11250,2026,69,EP,MM,ODALYS,2026-09-24 15:00:00,TS,16.4,-125.5, , , ,PROVISIONAL,1661,1617,P______________, ,EP162026,16.4,-125.5, ,HU,80,976,1,120,85,85,85,60,60,50,60,30,25,20,25,1011,220,20, , , , , , , , , , , , , , , , , , , , , , , , , , , , , , , , , , , , , , , , , , , , , , , , , , , , , , , , , , , , , , , , , , , , , , , , , , , , , , , , , , , , , , , , , , , , , , , , , , , , , , , , , , , , , , , , , , , , , , , , , , , , , , , , , , , ,8,60
2026260N11250,2026,69,EP,MM,ODALYS,2026-09-24 18:00:00,TS,16.6,-125.1, , , ,PROVISIONAL,1617,1588,O______________,nhc_working_bt,EP162026,16.6,-125.1, ,HU,80,976,1,120,90,90,90,60,60,50,60,30,25,20,25,1011,220,20, , , , , , , , , , , , , , , , , , , , , , , , , , , , , , , , , , , , , , , , , , , , , , , , , , , , , , , , , , , , , , , , , , , , , , , , , , , , , , , , , , , , , , , , , , , , , , , , , , , , , , , , , , , , , , , , , , , , , , , , , ,100, , , , , , , , , ,8,65
2026260N11250,2026,69,EP,MM,ODALYS,2026-09-24 21:00:00,TS,16.8,-124.7, , , ,PROVISIONAL,1572,1543,P______________, ,EP162026,16.7,-124.8, ,HU,85,972,2,115,105,95,100,50,55,45,55,30,23,20,23,1010,220,20, , , , , , , , , , , , , , , , , , , , , , , , , , , , , , , , , , , , , , , , , , , , , , , , , , , , , , , , , , , , , , , , , , , , , , , , , , , , , , , , , , , , , , , , , , , , , , , , , , , , , , , , , , , , , , , , , , , , , , , , , , , , , , , , , , , ,7,65
2026260N11250,2026,69,EP,MM,ODALYS,2026-09-25 00:00:00,TS,16.9,-124.4, , , ,PROVISIONAL,1543,1512,O______________,nhc_working_bt,EP162026,16.9,-124.5, ,HU,90,968,2,110,120,100,110,40,50,40,50,30,20,20,20,1009,220,20, , , , , , , , , , , , , , , , , , , , , , , , , , , , , , , , , , , , , , , , , , , , , , , , , , , , , , , , , , , , , , , , , , , , , , , , , , , , , , , , , , , , , , , , , , , , , , , , , , , , , , , , , , , , , , , , , , , , , , , , , ,110, , , , ,12,210,240,210,240,6,55
2026260N11250,2026,69,EP,MM,ODALYS,2026-09-25 03:00:00,TS,17.1,-124.2, , , ,PROVISIONAL,1512,1488,P______________, ,EP162026,17.1,-124.3, ,HU,103,965,3,120,120,100,110,45,50,40,50,25,20,20,20,1010,228,20, , , , , , , , , , , , , , , , , , , , , , , , , , , , , , , , , , , , , , , , , , , , , , , , , , , , , , , , , , , , , , , , , , , , , , , , , , , , , , , , , , , , , , , , , , , , , , , , , , , , , , , , , , , , , , , , , , , , , , , , , , , , , , ,12,210,210,195,225,5,40
2026260N11250,2026,69,EP,MM,ODALYS,2026-09-25 06:00:00,TS,17.3,-124.1, , , ,PROVISIONAL,1488,1458,O______________,nhc_working_bt,EP162026,17.3,-124.1, ,HU,115,962,4,130,120,100,110,50,50,40,50,20,20,20,20,1010,235,20,20, , , , , , , , , , , , , , , , , , , , , , , , , , , , , , , , , , , , , , , , , , , , , , , , , , , , , , , , , , , , , , , , , , , , , , , , , , , , , , , , , , , , , , , , , , , , , , , , , , , , , , , , , , , , , , , , , , , , , , , , ,140, , , , ,12,210,180,180,210,5,35
2026260N11250,2026,69,EP,MM,ODALYS,2026-09-25 09:00:00,TS,17.5,-123.9, , , ,PROVISIONAL,1458,1434,P______________, ,EP162026,17.5,-123.9, ,HU,115,954,4,130,120,100,110,50,50,40,50,20,20,20,20,1010,235,20, , , , , , , , , , , , , , , , , , , , , , , , , , , , , , , , , , , , , , , , , , , , , , , , , , , , , , , , , , , , , , , , , , , , , , , , , , , , , , , , , , , , , , , , , , , , , , , , , , , , , , , , , , , , , , , , , , , , , , , , , , , , , , ,12,210,210,180,225,5,35
2026260N11250,2026,69,EP,MM,ODALYS,2026-09-25 12:00:00,TS,17.7,-123.8, , , ,PROVISIONAL,1434,1418,O______________,nhc_working_bt,EP162026,17.7,-123.8, ,HU,115,946,4,130,120,100,110,50,50,40,50,20,20,20,20,1010,235,20, , , , , , , , , , , , , , , , , , , , , , , , , , , , , , , , , , , , , , , , , , , , , , , , , , , , , , , , , , , , , , , , , , , , , , , , , , , , , , , , , , , , , , , , , , , , , , , , , , , , , , , , , , , , , , , , , , , , , , , , , ,140, , , , ,12,210,240,180,240,4,35
2026260N11250,2026,69,EP,MM,ODALYS,2026-09-25 15:00:00,TS,17.8,-123.7, , , ,PROVISIONAL,1418,1394,P______________, ,EP162026,17.8,-123.7, ,HU,115,947,4,120,115,100,110,55,50,45,55,25,25,25,25,1010,235,18, , , , , , , , , , , , , , , , , , , , , , , , , , , , , , , , , , , , , , , , , , , , , , , , , , , , , , , , , , , , , , , , , , , , , , , , , , , , , , , , , , , , , , , , , , , , , , , , , , , , , , , , , , , , , , , , , , , , , , , , , , , , , , ,12,210,225,195,225,3,25
2026260N11250,2026,69,EP,MM,ODALYS,2026-09-25 18:00:00,TS,18.0,-123.6, , , ,PROVISIONAL,1394,1369,O______________,nhc_working_bt,EP162026,18.0,-123.7, ,HU,115,947,4,110,110,100,110,60,50,50,60,30,30,30,30,1010,235,15, , , , , , , , , , , , , , , , , , , , , , , , , , , , , , , , , , , , , , , , , , , , , , , , , , , , , , , , , , , , , , , , , , , , , , , , , , , , , , , , , , , , , , , , , , , , , , , , , , , , , , , , , , , , , , , , , , , , , , , , , ,140, , , , ,12,210,210,210,210,4,5
2026260N11250,2026,69,EP,MM,ODALYS,2026-09-25 21:00:00,TS,18.3,-123.6, , , ,PROVISIONAL,1369,1358,P______________, ,EP162026,18.2,-123.7, ,HU,113,947,4,110,110,100,110,60,50,50,60,30,30,30,30,1009,235,15, , , , , , , , , , , , , , , , , , , , , , , , , , , , , , , , , , , , , , , , , , , , , , , , , , , , , , , , , , , , , , , , , , , , , , , , , , , , , , , , , , , , , , , , , , , , , , , , , , , , , , , , , , , , , , , , , , , , , , , , , , , , , , ,12,210,195,210,210,5,350
2026260N11250,2026,69,EP,MM,ODALYS,2026-09-26 00:00:00,TS,18.5,-123.7, , , ,PROVISIONAL,1358,1349,O______________,nhc_working_bt,EP162026,18.4,-123.7, ,HU,110,947,3,110,110,100,110,60,50,50,60,30,30,30,30,1007,235,15, , , , , , , , , , , , , , , , , , , , , , , , , , , , , , , , , , , , , , , , , , , , , , , , , , , , , , , , , , , , , , , , , , , , , , , , , , , , , , , , , , , , , , , , , , , , , , , , , , , , , , , , , , , , , , , , , , , , , , , , , ,135, , , , ,12,210,180,210,210,4,345
2026260N11250,2026,69,EP,MM,ODALYS,2026-09-26 03:00:00,TS,18.7,-123.8, , , ,PROVISIONAL,1348,1339,P______________, ,EP162026,18.6,-123.8, ,HU,105,951,3,115,100,100,115,50,50,45,55,20,28,20,20,1007,223,13, , , , , , , , , , , , , , , , , , , , , , , , , , , , , , , , , , , , , , , , , , , , , , , , , , , , , , , , , , , , , , , , , , , , , , , , , , , , , , , , , , , , , , , , , , , , , , , , , , , , , , , , , , , , , , , , , , , , , , , , , , , , , , , , , , , ,3,340
2026260N11250,2026,69,EP,MM,ODALYS,2026-09-26 06:00:00,TS,18.8,-123.8, , , ,PROVISIONAL,1339,1314,O______________,nhc_working_bt,EP162026,18.8,-123.8, ,HU,100,955,3,120,90,100,120,40,50,40,50,10,25,10,10,1007,210,10, , , , , , , , , , , , , , , , , , , , , , , , , , , , , , , , , , , , , , , , , , , , , , , , , , , , , , , , , , , , , , , , , , , , , , , , , , , , , , , , , , , , , , , , , , , , , , , , , , , , , , , , , , , , , , , , , , , , , , , , , , , , , , , , , , , ,5,0
2026260N11250,2026,69,EP,MM,ODALYS,2026-09-26 09:00:00,TS,19.1,-123.8, , , ,PROVISIONAL,1314,1273,P______________, ,EP162026,19.1,-123.8, ,HU,95,960,2,110,90,90,115,40,45,35,48,13,23,10,10,1007,210,10, , , , , , , , , , , , , , , , , , , , , , , , , , , , , , , , , , , , , , , , , , , , , , , , , , , , , , , , , , , , , , , , , , , , , , , , , , , , , , , , , , , , , , , , , , , , , , , , , , , , , , , , , , , , , , , , , , , , , , , , , , , , , , , , , , , ,7,10
2026260N11250,2026,69,EP,MM,ODALYS,2026-09-26 12:00:00,TS,19.5,-123.7, , , ,PROVISIONAL,1273,1242,O______________,nhc_working_bt,EP162026,19.5,-123.7, ,HU,90,965,2,100,90,80,110,40,40,30,45,15,20,10,10,1007,210,10, , , , , , , , , , , , , , , , , , , , , , , , , , , , , , , , , , , , , , , , , , , , , , , , , , , , , , , , , , , , , , , , , , , , , , , , , , , , , , , , , , , , , , , , , , , , , , , , , , , , , , , , , , , , , , , , , , , , , , , , , ,110, , , , ,12,180,180,210,150,8,10
2026260N11250,2026,69,EP,MM,ODALYS,2026-09-26 15:00:00,TS,19.9,-123.6, , , ,PROVISIONAL,1233,1209,P______________, ,EP162026,19.9,-123.6, ,HU,85,969,2,95,90,80,105,45,40,35,48,25,23,15,20,1007,210,13, , , , , , , , , , , , , , , , , , , , , , , , , , , , , , , , , , , , , , , , , , , , , , , , , , , , , , , , , , , , , , , , , , , , , , , , , , , , , , , , , , , , , , , , , , , , , , , , , , , , , , , , , , , , , , , , , , , , , , , , , , , , , , ,12,165,180,210,150,7,10
2026260N11250,2026,69,EP,MM,ODALYS,2026-09-26 18:00:00,TS,20.2,-123.6, , , ,PROVISIONAL,1209,1186,O______________,nhc_working_bt,EP162026,20.2,-123.6, ,HU,80,973,1,90,90,80,100,50,40,40,50,35,25,20,30,1007,210,15, , , , , , , , , , , , , , , , , , , , , , , , , , , , , , , , , , , , , , , , , , , , , , , , , , , , , , , , , , , , , , , , , , , , , , , , , , , , , , , , , , , , , , , , , , , , , , , , , , , , , , , , , , , , , , , , , , , , , , , , , ,100, , , , ,12,150,180,210,150,7,5
2026260N11250,2026,69,EP,MM,ODALYS,2026-09-26 21:00:00,TS,20.5,-123.6, , , ,PROVISIONAL,1186,1162,P______________, ,EP162026,20.5,-123.6, ,HU,78,974,1,90,90,80,100,50,40,40,50,35,25,20,30,1007,195,15, , , , , , , , , , , , , , , , , , , , , , , , , , , , , , , , , , , , , , , , , , , , , , , , , , , , , , , , , , , , , , , , , , , , , , , , , , , , , , , , , , , , , , , , , , , , , , , , , , , , , , , , , , , , , , , , , , , , , , , , , , , , , , ,12,150,180,180,165,6,0
2026260N11250,2026,69,EP,MM,ODALYS,2026-09-27 00:00:00,TS,20.8,-123.6, , , ,PROVISIONAL,1162,1132,O______________,nhc_working_bt,EP162026,20.9,-123.6, ,HU,75,975,1,90,90,80,100,50,40,40,50,35,25,20,30,1006,180,15, , , , , , , , , , , , , , , , , , , , , , , , , , , , , , , , , , , , , , , , , , , , , , , , , , , , , , , , , , , , , , , , , , , , , , , , , , , , , , , , , , , , , , , , , , , , , , , , , , , , , , , , , , , , , , , , , , , , , , , , , ,90, , , , ,12,150,180,150,180,7,5
2026260N11250,2026,69,EP,MM,ODALYS,2026-09-27 03:00:00,TS,21.2,-123.6, , , ,PROVISIONAL,1132,1095,P______________, ,EP162026,21.3,-123.6, ,HU,70,980,1,85,80,75,95,50,40,35,50,18,18,10,15,1008,185,15, , , , , , , , , , , , , , , , , , , , , , , , , , , , , , , , , , , , , , , , , , , , , , , , , , , , , , , , , , , , , , , , , , , , , , , , , , , , , , , , , , , , , , , , , , , , , , , , , , , , , , , , , , , , , , , , , , , , , , , , , , , , , , ,12,150,180,150,180,8,5
2026260N11250,2026,69,EP,MM,ODALYS,2026-09-27 06:00:00,TS,21.6,-123.5, , , ,PROVISIONAL,1095,1067,O______________,nhc_working_bt,EP162026,21.7,-123.5, ,HU,65,985,1,80,70,70,90,50,40,30,50,0,10,0,0,1009,190,15, , , , , , , , , , , , , , , , , , , , , , , , , , , , , , , , , , , , , , , , , , , , , , , , , , , , , , , , , , , , , , , , , , , , , , , , , , , , , , , , , , , , , , , , , , , , , , , , , , , , , , , , , , , , , , , , , , , , , , , , , ,85, , , , ,12,150,180,150,180,8,5
2026260N11250,2026,69,EP,MM,ODALYS,2026-09-27 09:00:00,TS,22.1,-123.5, , , ,PROVISIONAL,1060,1031,P______________, ,EP162026,22.1,-123.5, ,TS,60,989,0,80,70,70,90,50,40,30,50, , , , ,1009,190,15, , , , , , , , , , , , , , , , , , , , , , , , , , , , , , , , , , , , , , , , , , , , , , , , , , , , , , , , , , , , , , , , , , , , , , , , , , , , , , , , , , , , , , , , , , , , , , , , , , , , , , , , , , , , , , , , , , , , , , , , , , , , , , ,12,150,180,150,165,8,5
2026260N11250,2026,69,EP,MM,ODALYS,2026-09-27 12:00:00,TS,22.4,-123.4, , , ,PROVISIONAL,1031,1010,O______________,nhc_working_bt,EP162026,22.4,-123.4, ,TS,55,992,0,80,70,70,90,50,40,30,50, , , , ,1009,190,15, , , , , , , , , , , , , , , , , , , , , , , , , , , , , , , , , , , , , , , , , , , , , , , , , , , , , , , , , , , , , , , , , , , , , , , , , , , , , , , , , , , , , , , , , , , , , , , , , , , , , , , , , , , , , , , , , , , , , , , , , ,65, , , , ,12,150,180,150,150,6,15
2026260N11250,2026,69,EP,MM,ODALYS,2026-09-27 15:00:00,TS,22.6,-123.3, , , ,PROVISIONAL,1010,995,P______________, ,EP162026,22.6,-123.3, ,TS,48,996,0,70,60,70,85, , , , , , , , ,1009,190,20, , , , , , , , , , , , , , , , , , , , , , , , , , , , , , , , , , , , , , , , , , , , , , , , , , , , , , , , , , , , , , , , , , , , , , , , , , , , , , , , , , , , , , , , , , , , , , , , , , , , , , , , , , , , , , , , , , , , , , , , , , , , , , ,12,150,180,135,150,4,30
2026260N11250,2026,69,EP,MM,ODALYS,2026-09-27 18:00:00,TS,22.7,-123.2, , , ,PROVISIONAL,995, ,O______________,nhc_working_bt,EP162026,22.7,-123.2, ,TS,40,1000,0,60,50,70,80, , , , , , , , ,1009,190,25, , , , , , , , , , , , , , , , , , , , , , , , , , , , , , , , , , , , , , , , , , , , , , , , , , , , , , , , , , , , , , , , , , , , , , , , , , , , , , , , , , , , , , , , , , , , , , , , , , , , , , , , , , , , , , , , , , , , , , , , , ,50, , , , ,12,150,180,120,150,3,45
2026261N07257,2026,70,EP,MM,POLO,2026-09-17 12:00:00,DS,7.0,-102.7, , , ,PROVISIONAL,1133,1133,O______________,nhc_working_bt,EP172026,7.0,-102.7, ,DB,20,1010,-3, , , , , , , , , , , , ,1012,210,150, , , , , , , , , , , , , , , , , , , , , , , , , , , , , , , , , , , , , , , , , , , , , , , , , , , , , , , , , , , , , , , , , , , , , , , , , , , , , , , , , , , , , , , , , , , , , , , , , , , , , , , , , , , , , , , , , , , , , , , , , , , , , , , , , , , ,6,270
2026261N07257,2026,70,EP,MM,POLO,2026-09-17 15:00:00,DS,7.0,-103.0, , , ,PROVISIONAL,1143,1143,P______________, ,EP172026,7.0,-103.0, ,DB,20,1010,-3, , , , , , , , , , , , ,1012,205,150, , , , , , , , , , , , , , , , , , , , , , , , , , , , , , , , , , , , , , , , , , , , , , , , , , , , , , , , , , , , , , , , , , , , , , , , , , , , , , , , , , , , , , , , , , , , , , , , , , , , , , , , , , , , , , , , , , , , , , , , , , , , , , , , , , , ,6,270
2026261N07257,2026,70,EP,MM,POLO,2026-09-17 18:00:00,DS,7.0,-103.3, , , ,PROVISIONAL,1154,1154,O______________,nhc_working_bt,EP172026,7.0,-103.3, ,DB,20,1010,-3, , , , , , , , , , , , ,1012,200,150, , , , , , , , , , , , , , , , , , , , , , , , , , , , , , , , , , , , , , , , , , , , , , , , , , , , , , , , , , , , , , , , , , , , , , , , , , , , , , , , , , , , , , , , , , , , , , , , , , , , , , , , , , , , , , , , , , , , , , , , , , , , , , , , , , , ,6,270
2026261N07257,2026,70,EP,MM,POLO,2026-09-17 21:00:00,DS,7.0,-103.6, , , ,PROVISIONAL,1166,1166,P______________, ,EP172026,7.0,-103.6, ,DB,20,1010,-3, , , , , , , , , , , , ,1012,200,150, , , , , , , , , , , , , , , , , , , , , , , , , , , , , , , , , , , , , , , , , , , , , , , , , , , , , , , , , , , , , , , , , , , , , , , , , , , , , , , , , , , , , , , , , , , , , , , , , , , , , , , , , , , , , , , , , , , , , , , , , , , , , , , , , , , ,6,270
2026261N07257,2026,70,EP,MM,POLO,2026-09-18 00:00:00,DS,7.0,-103.9, , , ,PROVISIONAL,1178,1178,O______________,nhc_working_bt,EP172026,7.0,-103.9, ,DB,20,1010,-3, , , , , , , , , , , , ,1012,200,150, , , , , , , , , , , , , , , , , , , , , , , , , , , , , , , , , , , , , , , , , , , , , , , , , , , , , , , , , , , , , , , , , , , , , , , , , , , , , , , , , , , , , , , , , , , , , , , , , , , , , , , , , , , , , , , , , , , , , , , , , , , , , , , , , , , ,5,275
2026261N07257,2026,70,EP,MM,POLO,2026-09-18 03:00:00,DS,7.0,-104.1, , , ,PROVISIONAL,1186,1176,P______________, ,EP172026,7.0,-104.1, ,DB,20,1010,-3, , , , , , , , , , , , ,1012,200,150, , , , , , , , , , , , , , , , , , , , , , , , , , , , , , , , , , , , , , , , , , , , , , , , , , , , , , , , , , , , , , , , , , , , , , , , , , , , , , , , , , , , , , , , , , , , , , , , , , , , , , , , , , , , , , , , , , , , , , , , , , , , , , , , , , , ,4,285
2026261N07257,2026,70,EP,MM,POLO,2026-09-18 06:00:00,DS,7.1,-104.3, , , ,PROVISIONAL,1185,1184,O______________,nhc_working_bt,EP172026,7.1,-104.3, ,DB,20,1010,-3, , , , , , , , , , , , ,1012,200,150, , , , , , , , , , , , , , , , , , , , , , , , , , , , , , , , , , , , , , , , , , , , , , , , , , , , , , , , , , , , , , , , , , , , , , , , , , , , , , , , , , , , , , , , , , , , , , , , , , , , , , , , , , , , , , , , , , , , , , , , , , , , , , , , , , , ,6,285
2026261N07257,2026,70,EP,MM,POLO,2026-09-18 09:00:00,DS,7.2,-104.7, , , ,PROVISIONAL,1194,1193,P______________, ,EP172026,7.2,-104.7, ,DB,20,1010,-3, , , , , , , , , , , , ,1012,210,125, , , , , , , , , , , , , , , , , , , , , , , , , , , , , , , , , , , , , , , , , , , , , , , , , , , , , , , , , , , , , , , , , , , , , , , , , , , , , , , , , , , , , , , , , , , , , , , , , , , , , , , , , , , , , , , , , , , , , , , , , , , , , , , , , , , ,7,285
2026261N07257,2026,70,EP,MM,POLO,2026-09-18 12:00:00,DS,7.3,-105.0, , , ,PROVISIONAL,1197,1184,O______________,nhc_working_bt,EP172026,7.3,-105.0, ,DB,20,1010,-3, , , , , , , , , , , , ,1012,220,100, , , , , , , , , , , , , , , , , , , , , , , , , , , , , , , , , , , , , , , , , , , , , , , , , , , , , , , , , , , , , , , , , , , , , , , , , , , , , , , , , , , , , , , , , , , , , , , , , , , , , , , , , , , , , , , , , , , , , , , , , , , , , , , , , , , ,6,295
2026261N07257,2026,70,EP,MM,POLO,2026-09-18 15:00:00,DS,7.5,-105.2, , , ,PROVISIONAL,1184,1171,P______________, ,EP172026,7.5,-105.2, ,DB,20,1010,-3, , , , , , , , , , , , ,1012,220,100, , , , , , , , , , , , , , , , , , , , , , , , , , , , , , , , , , , , , , , , , , , , , , , , , , , , , , , , , , , , , , , , , , , , , , , , , , , , , , , , , , , , , , , , , , , , , , , , , , , , , , , , , , , , , , , , , , , , , , , , , , , , , , , , , , , ,6,315
2026261N07257,2026,70,EP,MM,POLO,2026-09-18 18:00:00,DS,7.7,-105.4, , , ,PROVISIONAL,1171,1145,O______________,nhc_working_bt,EP172026,7.7,-105.4, ,DB,20,1010,-3, , , , , , , , , , , , ,1012,220,100, , , , , , , , , , , , , , , , , , , , , , , , , , , , , , , , , , , , , , , , , , , , , , , , , , , , , , , , , , , , , , , , , , , , , , , , , , , , , , , , , , , , , , , , , , , , , , , , , , , , , , , , , , , , , , , , , , , , , , , , , , , , , , , , , , , ,6,330
2026261N07257,2026,70,EP,MM,POLO,2026-09-18 21:00:00,DS,8.0,-105.6, , , ,PROVISIONAL,1149,1114,P______________, ,EP172026,8.0,-105.6, ,DB,20,1010,-3, , , , , , , , , , , , ,1012,220,100, , , , , , , , , , , , , , , , , , , , , , , , , , , , , , , , , , , , , , , , , , , , , , , , , , , , , , , , , , , , , , , , , , , , , , , , , , , , , , , , , , , , , , , , , , , , , , , , , , , , , , , , , , , , , , , , , , , , , , , , , , , , , , , , , , , ,8,335
2026261N07257,2026,70,EP,MM,POLO,2026-09-19 00:00:00,DS,8.4,-105.7, , , ,PROVISIONAL,1114,1069,O______________,nhc_working_bt,EP172026,8.4,-105.7, ,DB,20,1009,-3, , , , , , , , , , , , ,1012,220,100, , , , , , , , , , , , , , , , , , , , , , , , , , , , , , , , , , , , , , , , , , , , , , , , , , , , , , , , , , , , , , , , , , , , , , , , , , , , , , , , , , , , , , , , , , , , , , , , , , , , , , , , , , , , , , , , , , , , , , , , , , , , , , , , , , , ,9,345
2026261N07257,2026,70,EP,MM,POLO,2026-09-19 03:00:00,DS,8.9,-105.8, , , ,PROVISIONAL,1069,1025,P______________, ,EP172026,8.9,-105.8, ,DB,20,1009,-3, , , , , , , , , , , , ,1012,220,100, , , , , , , , , , , , , , , , , , , , , , , , , , , , , , , , , , , , , , , , , , , , , , , , , , , , , , , , , , , , , , , , , , , , , , , , , , , , , , , , , , , , , , , , , , , , , , , , , , , , , , , , , , , , , , , , , , , , , , , , , , , , , , , , , , , ,10,350
2026261N07257,2026,70,EP,MM,POLO,2026-09-19 06:00:00,DS,9.4,-105.9, , , ,PROVISIONAL,1025,987,O______________,nhc_working_bt,EP172026,9.4,-105.9, ,DB,20,1009,-3, , , , , , , , , , , , ,1012,220,100, , , , , , , , , , , , , , , , , , , , , , , , , , , , , , , , , , , , , , , , , , , , , , , , , , , , , , , , , , , , , , , , , , , , , , , , , , , , , , , , , , , , , , , , , , , , , , , , , , , , , , , , , , , , , , , , , , , , , , , , , , , , , , , , , , , ,10,350
2026261N07257,2026,70,EP,MM,POLO,2026-09-19 09:00:00,DS,9.9,-106.0, , , ,PROVISIONAL,977,934,P______________, ,EP172026,9.9,-106.0, ,DB,23,1009,-3, , , , , , , , , , , , ,1012,220,100, , , , , , , , , , , , , , , , , , , , , , , , , , , , , , , , , , , , , , , , , , , , , , , , , , , , , , , , , , , , , , , , , , , , , , , , , , , , , , , , , , , , , , , , , , , , , , , , , , , , , , , , , , , , , , , , , , , , , , , , , , , , , , , , , , , ,9,355
2026261N07257,2026,70,EP,MM,POLO,2026-09-19 12:00:00,DS,10.3,-106.0, , , ,PROVISIONAL,934,892,O______________,nhc_working_bt,EP172026,10.3,-106.0, ,DB,25,1008,-3, , , , , , , , , , , , ,1012,220,100, , , , , , , , , , , , , , , , , , , , , , , , , , , , , , , , , , , , , , , , , , , , , , , , , , , , , , , , , , , , , , , , , , , , , , , , , , , , , , , , , , , , , , , , , , , , , , , , , , , , , , , , , , , , , , , , , , , , , , , , , ,35, , , , , , , , , ,9,0
2026261N07257,2026,70,EP,MM,POLO,2026-09-19 15:00:00,DS,10.7,-106.0, , , ,PROVISIONAL,892,839,P______________, ,EP172026,10.7,-106.0, ,DB,25,1008,-3, , , , , , , , , , , , ,1012,230,100, , , , , , , , , , , , , , , , , , , , , , , , , , , , , , , , , , , , , , , , , , , , , , , , , , , , , , , , , , , , , , , , , , , , , , , , , , , , , , , , , , , , , , , , , , , , , , , , , , , , , , , , , , , , , , , , , , , , , , , , , , , , , , , , , , , ,9,0
2026261N07257,2026,70,EP,MM,POLO,2026-09-19 18:00:00,DS,11.2,-106.0, , , ,PROVISIONAL,839,772,O______________,nhc_working_bt,EP172026,11.2,-106.0, ,DB,25,1008,-3, , , , , , , , , , , , ,1012,240,100, , , , , , , , , , , , , , , , , , , , , , , , , , , , , , , , , , , , , , , , , , , , , , , , , , , , , , , , , , , , , , , , , , , , , , , , , , , , , , , , , , , , , , , , , , , , , , , , , , , , , , , , , , , , , , , , , , , , , , , , , ,35, , , , , , , , , ,12,350
2026261N07257,2026,70,EP,MM,POLO,2026-09-19 21:00:00,DS,11.9,-106.2, , , ,PROVISIONAL,772,705,P______________, ,EP172026,11.9,-106.2, ,DB,25,1008,-3, , , , , , , , , , , , ,1012,240,100, , , , , , , , , , , , , , , , , , , , , , , , , , , , , , , , , , , , , , , , , , , , , , , , , , , , , , , , , , , , , , , , , , , , , , , , , , , , , , , , , , , , , , , , , , , , , , , , , , , , , , , , , , , , , , , , , , , , , , , , , , , , , , , , , , , ,14,350
2026261N07257,2026,70,EP,MM,POLO,2026-09-20 00:00:00,DS,12.6,-106.3, , , ,PROVISIONAL,705,655,O______________,nhc_working_bt,EP172026,12.6,-106.3, ,DB,25,1007,-3, , , , , , , , , , , , ,1012,240,100, , , , , , , , , , , , , , , , , , , , , , , , , , , , , , , , , , , , , , , , , , , , , , , , , , , , , , , , , , , , , , , , , , , , , , , , , , , , , , , , , , , , , , , , , , , , , , , , , , , , , , , , , , , , , , , , , , , , , , , , , ,35, , , , , , , , , ,12,5
2026261N07257,2026,70,EP,MM,POLO,2026-09-20 03:00:00,DS,13.1,-106.1, , , ,PROVISIONAL,645,601,P______________, ,EP172026,13.1,-106.1, ,DB,28,1007,-3, , , , , , , , , , , , ,1012,240,100, , , , , , , , , , , , , , , , , , , , , , , , , , , , , , , , , , , , , , , , , , , , , , , , , , , , , , , , , , , , , , , , , , , , , , , , , , , , , , , , , , , , , , , , , , , , , , , , , , , , , , , , , , , , , , , , , , , , , , , , , , , , , , , , , , , ,9,30
2026261N07257,2026,70,EP,MM,POLO,2026-09-20 06:00:00,DS,13.4,-105.8, , , ,PROVISIONAL,601,561,O______________,nhc_working_bt,EP172026,13.4,-105.8, ,DB,30,1007,-3, , , , , , , , , , , , ,1012,240,100, , , , , , , , , , , , , , , , , , , , , , , , , , , , , , , , , , , , , , , , , , , , , , , , , , , , , , , , , , , , , , , , , , , , , , , , , , , , , , , , , , , , , , , , , , , , , , , , , , , , , , , , , , , , , , , , , , , , , , , , , ,40, , , , , , , , , ,8,35
2026261N07257,2026,70,EP,MM,POLO,2026-09-20 09:00:00,DS,13.7,-105.6, , , ,PROVISIONAL,561,526,P______________, ,EP172026,13.7,-105.6, ,DB,30,1007,-3, , , , , , , , , , , , ,1012,210,95, , , , , , , , , , , , , , , , , , , , , , , , , , , , , , , , , , , , , , , , , , , , , , , , , , , , , , , , , , , , , , , , , , , , , , , , , , , , , , , , , , , , , , , , , , , , , , , , , , , , , , , , , , , , , , , , , , , , , , , , , , , , , , , , , , , ,7,25
2026261N07257,2026,70,EP,MM,POLO,2026-09-20 12:00:00,DS,14.0,-105.5, , , ,PROVISIONAL,526,497,O______________,nhc_working_bt,EP172026,14.0,-105.5, ,DB,30,1007,-3, , , , , , , , , , , , ,1011,180,90, , , , , , , , , , , , , , , , , , , , , , , , , , , , , , , , , , , , , , , , , , , , , , , , , , , , , , , , , , , , , , , , , , , , , , , , , , , , , , , , , , , , , , , , , , , , , , , , , , , , , , , , , , , , , , , , , , , , , , , , , ,40, , , , , , , , , ,6,30
2026261N07257,2026,70,EP,MM,POLO,2026-09-20 15:00:00,DS,14.3,-105.3, , , ,PROVISIONAL,487,458,P______________, ,EP172026,14.3,-105.3, ,DB,30,1007,-3, , , , , , , , , , , , ,1012,180,65, , , , , , , , , , , , , , , , , , , , , , , , , , , , , , , , , , , , , , , , , , , , , , , , , , , , , , , , , , , , , , , , , , , , , , , , , , , , , , , , , , , , , , , , , , , , , , , , , , , , , , , , , , , , , , , , , , , , , , , , , , , , , , , , , , , ,6,40
2026261N07257,2026,70,EP,MM,POLO,2026-09-20 18:00:00,TS,14.5,-105.1, , , ,PROVISIONAL,458,423,O______________,nhc_working_bt,EP172026,14.5,-105.1, ,TD,30,1007,-1, , , , , , , , , , , , ,1012,180,40, , , , , , , , , , , , , , , , , , , , , , , , , , , , , , , , , , , , , , , , , , , , , , , , , , , , , , , , , , , , , , , , , , , , , , , , , , , , , , , , , , , , , , , , , , , , , , , , , , , , , , , , , , , , , , , , , , , , , , , , , ,40, , , , , , , , , ,6,30
2026261N07257,2026,70,EP,MM,POLO,2026-09-20 21:00:00,TS,14.8,-105.0, , , ,PROVISIONAL,423,383,P______________, ,EP172026,14.8,-105.0, ,TD,33,1006,-1, , , , , , , , , , , , ,1011,165,40, , , , , , , , , , , , , , , , , , , , , , , , , , , , , , , , , , , , , , , , , , , , , , , , , , , , , , , , , , , , , , , , , , , , , , , , , , , , , , , , , , , , , , , , , , , , , , , , , , , , , , , , , , , , , , , , , , , , , , , , , , , , , , , , , , , ,7,25
2026261N07257,2026,70,EP,MM,POLO,2026-09-21 00:00:00,TS,15.1,-104.8, , , ,PROVISIONAL,383,348,O______________,nhc_working_bt,EP172026,15.1,-104.8, ,TS,35,1004,0,40,40,0,0, , , , , , , , ,1010,150,40, , , , , , , , , , , , , , , , , , , , , , , , , , , , , , , , , , , , , , , , , , , , , , , , , , , , , , , , , , , , , , , , , , , , , , , , , , , , , , , , , , , , , , , , , , , , , , , , , , , , , , , , , , , , , , , , , , , , , , , , , ,45, , , , , , , , , ,8,45
2026261N07257,2026,70,EP,MM,POLO,2026-09-21 03:00:00,TS,15.3,-104.4, , , ,PROVISIONAL,348,316,P______________, ,EP172026,15.4,-104.5, ,TS,38,1004,0,45,45,0,10, , , , , , , , ,1010,150,35, , , , , , , , , , , , , , , , , , , , , , , , , , , , , , , , , , , , , , , , , , , , , , , , , , , , , , , , , , , , , , , , , , , , , , , , , , , , , , , , , , , , , , , , , , , , , , , , , , , , , , , , , , , , , , , , , , , , , , , , , , , , , , , , , , , ,8,60
2026261N07257,2026,70,EP,MM,POLO,2026-09-21 06:00:00,TS,15.5,-104.0, , , ,PROVISIONAL,313,306,O______________,nhc_working_bt,EP172026,15.5,-104.1, ,TS,40,1003,0,50,50,0,20, , , , , , , , ,1010,150,30, , , , , , , , , , , , , , , , , , , , , , , , , , , , , , , , , , , , , , , , , , , , , , , , , , , , , , , , , , , , , , , , , , , , , , , , , , , , , , , , , , , , , , , , , , , , , , , , , , , , , , , , , , , , , , , , , , , , , , , , , ,50, , , , ,12,60,60,45,30,6,75
2026261N07257,2026,70,EP,MM,POLO,2026-09-21 09:00:00,TS,15.5,-103.8, , , ,PROVISIONAL,306,299,P______________, ,EP172026,15.5,-103.8, ,TS,48,1000,0,50,55,10,20, , , , , , , , ,1010,150,25, , , , , , , , , , , , , , , , , , , , , , , , , , , , , , , , , , , , , , , , , , , , , , , , , , , , , , , , , , , , , , , , , , , , , , , , , , , , , , , , , , , , , , , , , , , , , , , , , , , , , , , , , , , , , , , , , , , , , , , , , , , , , , ,12,45,45, ,30,4,95
2026261N07257,2026,70,EP,MM,POLO,2026-09-21 12:00:00,TS,15.5,-103.6, , , ,PROVISIONAL,299,299,O______________,nhc_working_bt,EP172026,15.4,-103.6, ,TS,55,997,0,50,60,20,20,20,20,0,0, , , , ,1010,150,20, , , , , , , , , , , , , , , , , , , , , , , , , , , , , , , , , , , , , , , , , , , , , , , , , , , , , , , , , , , , , , , , , , , , , , , , , , , , , , , , , , , , , , , , , , , , , , , , , , , , , , , , , , , , , , , , , , , , , , , , , ,60, , , , ,12,30,30, ,30,5,110
2026261N07257,2026,70,EP,MM,POLO,2026-09-21 15:00:00,TS,15.3,-103.3, , , ,PROVISIONAL,309,303,P______________, ,EP172026,15.3,-103.3, ,TS,63,988,0,55,60,40,40,25,25,15,15, , , , ,1010,150,20, , , , , , , , , , , , , , , , , , , , , , , , , , , , , , , , , , , , , , , , , , , , , , , , , , , , , , , , , , , , , , , , , , , , , , , , , , , , , , , , , , , , , , , , , , , , , , , , , , , , , , , , , , , , , , , , , , , , , , , , , , , , , , ,12,38,38, ,38,6,115
2026261N07257,2026,70,EP,MM,POLO,2026-09-21 18:00:00,TS,15.2,-103.0, , , ,PROVISIONAL,310,296,O______________,nhc_working_bt,EP172026,15.2,-103.0, ,HU,70,978,1,60,60,60,60,30,30,30,30,20,20,20,20,1010,150,20, , , , , , , , , , , , , , , , , , , , , , , , , , , , , , , , , , , , , , , , , , , , , , , , , , , , , , , , , , , , , , , , , , , , , , , , , , , , , , , , , , , , , , , , , , , , , , , , , , , , , , , , , , , , , , , , , , , , , , , , , ,85, , , , ,12,45,45,30,45,6,110
2026261N07257,2026,70,EP,MM,POLO,2026-09-21 21:00:00,TS,15.2,-102.7, , , ,PROVISIONAL,290,288,P______________, ,EP172026,15.2,-102.7, ,HU,80,973,1,60,65,65,60,30,35,35,30,20,23,23,20,1010,150,18, , , , , , , , , , , , , , , , , , , , , , , , , , , , , , , , , , , , , , , , , , , , , , , , , , , , , , , , , , , , , , , , , , , , , , , , , , , , , , , , , , , , , , , , , , , , , , , , , , , , , , , , , , , , , , , , , , , , , , , , , , , , , , ,12,53,53,38,53,5,100
2026261N07257,2026,70,EP,MM,POLO,2026-09-22 00:00:00,TS,15.1,-102.5, , , ,PROVISIONAL,288,282,O______________,nhc_working_bt,EP172026,15.1,-102.5, ,HU,90,967,2,60,70,70,60,30,40,40,30,20,25,25,20,1010,150,15, , , , , , , , , , , , , , , , , , , , , , , , , , , , , , , , , , , , , , , , , , , , , , , , , , , , , , , , , , , , , , , , , , , , , , , , , , , , , , , , , , , , , , , , , , , , , , , , , , , , , , , , , , , , , , , , , , , , , , , , , ,110, , , , ,12,60,60,45,60,6,120
2026261N07257,2026,70,EP,MM,POLO,2026-09-22 03:00:00,TS,14.9,-102.2, , , ,PROVISIONAL,293,293,P______________, ,EP172026,14.9,-102.2, ,HU,105,956,3,65,75,75,65,35,45,45,35,23,28,28,23,1010,150,15, , , , , , , , , , , , , , , , , , , , , , , , , , , , , , , , , , , , , , , , , , , , , , , , , , , , , , , , , , , , , , , , , , , , , , , , , , , , , , , , , , , , , , , , , , , , , , , , , , , , , , , , , , , , , , , , , , , , , , , , , , , , , , ,12,75,75,68,68,6,130
2026261N07257,2026,70,EP,MM,POLO,2026-09-22 06:00:00,TS,14.7,-102.0, , , ,PROVISIONAL,306,299,O______________,nhc_working_bt,EP172026,14.7,-102.0, ,HU,120,945,4,70,80,80,70,40,50,50,40,25,30,30,25,1009,150,15,10, , , , , , , , , , , , , , , , , , , , , , , , , , , , , , , , , , , , , , , , , , , , , , , , , , , , , , , , , , , , , , , , , , , , , , , , , , , , , , , , , , , , , , , , , , , , , , , , , , , , , , , , , , , , , , , , , , , , , , , , ,145, , , , ,12,90,90,90,75,5,115
2026261N07257,2026,70,EP,MM,POLO,2026-09-22 09:00:00,TS,14.7,-101.8, , , ,PROVISIONAL,299,292,P______________, ,EP172026,14.6,-101.8, ,HU,130,936,4,70,80,80,70,40,50,50,40,25,30,30,25,1009,150,15, , , , , , , , , , , , , , , , , , , , , , , , , , , , , , , , , , , , , , , , , , , , , , , , , , , , , , , , , , , , , , , , , , , , , , , , , , , , , , , , , , , , , , , , , , , , , , , , , , , , , , , , , , , , , , , , , , , , , , , , , , , , , , ,12,105,105,105,98,4,95
2026261N07257,2026,70,EP,MM,POLO,2026-09-22 12:00:00,TS,14.7,-101.6, , , ,PROVISIONAL,292,292,O______________,nhc_working_bt,EP172026,14.6,-101.6, ,HU,140,926,5,70,80,80,70,40,50,50,40,25,30,30,25,1008,150,15, , , , , , , , , , , , , , , , , , , , , , , , , , , , , , , , , , , , , , , , , , , , , , , , , , , , , , , , , , , , , , , , , , , , , , , , , , , , , , , , , , , , , , , , , , , , , , , , , , , , , , , , , , , , , , , , , , , , , , , , , ,170, , , , ,12,120,120,120,120,2,95
2026261N07257,2026,70,EP,MM,POLO,2026-09-22 15:00:00,TS,14.6,-101.5, , , ,PROVISIONAL,299,299,P______________, ,EP172026,14.6,-101.5, ,HU,148,909,5,70,80,80,70,40,50,50,40,25,30,30,25,1008,140,13, , , , , , , , , , , , , , , , , , , , , , , , , , , , , , , , , , , , , , , , , , , , , , , , , , , , , , , , , , , , , , , , , , , , , , , , , , , , , , , , , , , , , , , , , , , , , , , , , , , , , , , , , , , , , , , , , , , , , , , , , , , , , , ,12,120,135,120,120,1,125
2026261N07257,2026,70,EP,MM,POLO,2026-09-22 18:00:00,TS,14.6,-101.5, , , ,PROVISIONAL,299,299,O______________,nhc_working_bt,EP172026,14.6,-101.5, ,HU,155,892,5,70,80,80,70,40,50,50,40,25,30,30,25,1008,130,10,10, , , , , , , , , , , , , , , , , , , , , , , , , , , , , , , , , , , , , , , , , , , , , , , , , , , , , , , , , , , , , , , , , , , , , , , , , , , , , , , , , , , , , , , , , , , , , , , , , , , , , , , , , , , , , , , , , , , , , , , , ,190, , , , ,12,120,150,120,120,1,120
2026261N07257,2026,70,EP,MM,POLO,2026-09-22 21:00:00,TS,14.6,-101.5, , , ,PROVISIONAL,299,295,P______________, ,EP172026,14.6,-101.5, ,HU,150,899,5,75,85,85,75,43,53,53,43,28,33,33,28,1008,155,10, , , , , , , , , , , , , , , , , , , , , , , , , , , , , , , , , , , , , , , , , , , , , , , , , , , , , , , , , , , , , , , , , , , , , , , , , , , , , , , , , , , , , , , , , , , , , , , , , , , , , , , , , , , , , , , , , , , , , , , , , , , , , , ,12,150,165,128,150,1,90
2026261N07257,2026,70,EP,MM,POLO,2026-09-23 00:00:00,TS,14.6,-101.4, , , ,PROVISIONAL,295,281,O______________,nhc_working_bt,EP172026,14.6,-101.4, ,HU,145,905,5,80,90,90,80,45,55,55,45,30,35,35,30,1008,180,10, , , , , , , , , , , , , , , , , , , , , , , , , , , , , , , , , , , , , , , , , , , , , , , , , , , , , , , , , , , , , , , , , , , , , , , , , , , , , , , , , , , , , , , , , , , , , , , , , , , , , , , , , , , , , , , , , , , , , , , , , ,175, , , , ,12,180,180,135,180,2,55
2026261N07257,2026,70,EP,MM,POLO,2026-09-23 03:00:00,TS,14.7,-101.3, , , ,PROVISIONAL,281,271,P______________, ,EP172026,14.7,-101.3, ,HU,143,910,5,80,90,90,80,45,55,55,45,30,35,35,30,1008,180,10, , , , , , , , , , , , , , , , , , , , , , , , , , , , , , , , , , , , , , , , , , , , , , , , , , , , , , , , , , , , , , , , , , , , , , , , , , , , , , , , , , , , , , , , , , , , , , , , , , , , , , , , , , , , , , , , , , , , , , , , , , , , , , ,12,180,180,135,180,2,25
2026261N07257,2026,70,EP,MM,POLO,2026-09-23 06:00:00,TS,14.8,-101.3, , , ,PROVISIONAL,271,250,O______________,nhc_working_bt,EP172026,14.8,-101.3, ,HU,140,915,5,80,90,90,80,45,55,55,45,30,35,35,30,1008,180,10, , , , , , , , , , , , , , , , , , , , , , , , , , , , , , , , , , , , , , , , , , , , , , , , , , , , , , , , , , , , , , , , , , , , , , , , , , , , , , , , , , , , , , , , , , , , , , , , , , , , , , , , , , , , , , , , , , , , , , , , , ,170, , , , ,12,180,180,135,180,3,355
2026261N07257,2026,70,EP,MM,POLO,2026-09-23 09:00:00,TS,15.0,-101.4, , , ,PROVISIONAL,253,236,P______________, ,EP172026,15.0,-101.4, ,HU,135,920,4,80,90,90,80,45,55,55,45,30,35,35,30,1008,180,10, , , , , , , , , , , , , , , , , , , , , , , , , , , , , , , , , , , , , , , , , , , , , , , , , , , , , , , , , , , , , , , , , , , , , , , , , , , , , , , , , , , , , , , , , , , , , , , , , , , , , , , , , , , , , , , , , , , , , , , , , , , , , , ,12,180,195,143,165,5,330
2026261N07257,2026,70,EP,MM,POLO,2026-09-23 12:00:00,TS,15.2,-101.5, , , ,PROVISIONAL,236,229,O______________,nhc_working_bt,EP172026,15.2,-101.6, ,HU,130,925,4,80,90,90,80,45,55,55,45,30,35,35,30,1008,180,10, , , , , , , , , , , , , , , , , , , , , , , , , , , , , , , , , , , , , , , , , , , , , , , , , , , , , , , , , , , , , , , , , , , , , , , , , , , , , , , , , , , , , , , , , , , , , , , , , , , , , , , , , , , , , , , , , , , , , , , , , ,160, , , , ,12,180,210,150,150,6,310
2026261N07257,2026,70,EP,MM,POLO,2026-09-23 15:00:00,TS,15.4,-101.8, , , ,PROVISIONAL,225,223,P______________, ,EP172026,15.4,-101.9, ,HU,128,928,4,85,90,85,85,45,55,55,45,30,35,35,30,1008,180,10, , , , , , , , , , , , , , , , , , , , , , , , , , , , , , , , , , , , , , , , , , , , , , , , , , , , , , , , , , , , , , , , , , , , , , , , , , , , , , , , , , , , , , , , , , , , , , , , , , , , , , , , , , , , , , , , , , , , , , , , , , , , , , ,12,165,210,150,150,6,300
2026261N07257,2026,70,EP,MM,POLO,2026-09-23 18:00:00,TS,15.5,-102.1, , , ,PROVISIONAL,227,223,O______________,nhc_working_bt,EP172026,15.5,-102.1, ,HU,125,931,4,90,90,80,90,45,55,55,45,30,35,35,30,1008,180,10, , , , , , , , , , , , , , , , , , , , , , , , , , , , , , , , , , , , , , , , , , , , , , , , , , , , , , , , , , , , , , , , , , , , , , , , , , , , , , , , , , , , , , , , , , , , , , , , , , , , , , , , , , , , , , , , , , , , , , , , , ,150, , , , ,12,150,210,150,150,4,305
2026261N07257,2026,70,EP,MM,POLO,2026-09-23 21:00:00,TS,15.6,-102.2, , , ,PROVISIONAL,223,211,P______________, ,EP172026,15.6,-102.2, ,HU,133,927,4,95,90,85,95,48,53,53,45,30,35,35,30,1008,180,10, , , , , , , , , , , , , , , , , , , , , , , , , , , , , , , , , , , , , , , , , , , , , , , , , , , , , , , , , , , , , , , , , , , , , , , , , , , , , , , , , , , , , , , , , , , , , , , , , , , , , , , , , , , , , , , , , , , , , , , , , , , , , , ,12,150,210,150,150,4,325
2026261N07257,2026,70,EP,MM,POLO,2026-09-24 00:00:00,TS,15.8,-102.3, , , ,PROVISIONAL,211,200,O______________,nhc_working_bt,EP172026,15.8,-102.3, ,HU,140,923,5,100,90,90,100,50,50,50,45,30,35,35,30,1008,180,10, , , , , , , , , , , , , , , , , , , , , , , , , , , , , , , , , , , , , , , , , , , , , , , , , , , , , , , , , , , , , , , , , , , , , , , , , , , , , , , , , , , , , , , , , , , , , , , , , , , , , , , , , , , , , , , , , , , , , , , , , ,170, , , , ,12,150,210,150,150,6,320
2026261N07257,2026,70,EP,MM,POLO,2026-09-24 03:00:00,TS,16.1,-102.6, , , ,PROVISIONAL,203,179,P______________, ,EP172026,16.1,-102.6, ,HU,140,923,5,105,90,90,95,50,50,50,45,30,35,35,30,1008,180,10, , , , , , , , , , , , , , , , , , , , , , , , , , , , , , , , , , , , , , , , , , , , , , , , , , , , , , , , , , , , , , , , , , , , , , , , , , , , , , , , , , , , , , , , , , , , , , , , , , , , , , , , , , , , , , , , , , , , , , , , , , , , , , ,12,165,210,150,150,9,310
2026261N07257,2026,70,EP,MM,POLO,2026-09-24 06:00:00,TS,16.4,-103.0, , , ,PROVISIONAL,183,176,O______________,nhc_working_bt,EP172026,16.4,-103.0, ,HU,140,923,5,110,90,90,90,50,50,50,45,30,35,35,30,1008,180,10, , , , , , , , , , , , , , , , , , , , , , , , , , , , , , , , , , , , , , , , , , , , , , , , , , , , , , , , , , , , , , , , , , , , , , , , , , , , , , , , , , , , , , , , , , , , , , , , , , , , , , , , , , , , , , , , , , , , , , , , , ,170, , , , ,12,180,210,150,150,9,300
2026261N07257,2026,70,EP,MM,POLO,2026-09-24 09:00:00,TS,16.6,-103.4, , , ,PROVISIONAL,176,176,P______________, ,EP172026,16.6,-103.4, ,HU,138,925,5,110,90,90,90,50,50,50,45,30,35,35,30,1008,180,10, , , , , , , , , , , , , , , , , , , , , , , , , , , , , , , , , , , , , , , , , , , , , , , , , , , , , , , , , , , , , , , , , , , , , , , , , , , , , , , , , , , , , , , , , , , , , , , , , , , , , , , , , , , , , , , , , , , , , , , , , , , , , , ,12,180,195,150,165,9,290
2026261N07257,2026,70,EP,MM,POLO,2026-09-24 12:00:00,TS,16.7,-103.9, , , ,PROVISIONAL,183,179,O______________,nhc_working_bt,EP172026,16.7,-103.9, ,HU,135,927,4,110,90,90,90,50,50,50,45,30,35,35,30,1008,180,10, , , , , , , , , , , , , , , , , , , , , , , , , , , , , , , , , , , , , , , , , , , , , , , , , , , , , , , , , , , , , , , , , , , , , , , , , , , , , , , , , , , , , , , , , , , , , , , , , , , , , , , , , , , , , , , , , , , , , , , , , ,165, , , , ,12,180,180,150,180,10,285
2026261N07257,2026,70,EP,MM,POLO,2026-09-24 15:00:00,TS,16.8,-104.4, , , ,PROVISIONAL,193,193,P______________, ,EP172026,16.8,-104.4, ,HU,133,933,4,110,90,90,90,50,50,50,45,30,35,35,30,1008,180,13, , , , , , , , , , , , , , , , , , , , , , , , , , , , , , , , , , , , , , , , , , , , , , , , , , , , , , , , , , , , , , , , , , , , , , , , , , , , , , , , , , , , , , , , , , , , , , , , , , , , , , , , , , , , , , , , , , , , , , , , , , , , , , ,12,165,180,150,180,10,280
2026261N07257,2026,70,EP,MM,POLO,2026-09-24 18:00:00,TS,16.9,-104.9, , , ,PROVISIONAL,215,215,O______________,nhc_working_bt,EP172026,16.9,-104.9, ,HU,130,938,4,110,90,90,90,50,50,50,45,30,35,35,30,1008,180,15, , , , , , , , , , , , , , , , , , , , , , , , , , , , , , , , , , , , , , , , , , , , , , , , , , , , , , , , , , , , , , , , , , , , , , , , , , , , , , , , , , , , , , , , , , , , , , , , , , , , , , , , , , , , , , , , , , , , , , , , , ,160, , , , ,12,150,180,150,180,11,280
2026261N07257,2026,70,EP,MM,POLO,2026-09-24 21:00:00,TS,17.0,-105.5, , , ,PROVISIONAL,257,253,P______________, ,EP172026,17.0,-105.5, ,HU,130,937,4,110,90,80,95,48,48,45,45,30,33,33,33,1007,155,13, , , , , , , , , , , , , , , , , , , , , , , , , , , , , , , , , , , , , , , , , , , , , , , , , , , , , , , , , , , , , , , , , , , , , , , , , , , , , , , , , , , , , , , , , , , , , , , , , , , , , , , , , , , , , , , , , , , , , , , , , , , , , , ,12,165,195,165,195,11,280
2026261N07257,2026,70,EP,MM,POLO,2026-09-25 00:00:00,TS,17.1,-106.1, , , ,PROVISIONAL,272,272,O______________,nhc_working_bt,EP172026,17.1,-106.1, ,HU,130,935,4,110,90,70,100,45,45,40,45,30,30,30,35,1006,130,10, , , , , , , , , , , , , , , , , , , , , , , , , , , , , , , , , , , , , , , , , , , , , , , , , , , , , , , , , , , , , , , , , , , , , , , , , , , , , , , , , , , , , , , , , , , , , , , , , , , , , , , , , , , , , , , , , , , , , , , , , ,160, , , , ,12,180,210,180,210,10,275
2026261N07257,2026,70,EP,MM,POLO,2026-09-25 03:00:00,TS,17.1,-106.6, , , ,PROVISIONAL,302,302,P______________, ,EP172026,17.1,-106.6, ,HU,133,932,4,110,90,80,105,45,45,40,45,30,30,30,35,1007,130,10, , , , , , , , , , , , , , , , , , , , , , , , , , , , , , , , , , , , , , , , , , , , , , , , , , , , , , , , , , , , , , , , , , , , , , , , , , , , , , , , , , , , , , , , , , , , , , , , , , , , , , , , , , , , , , , , , , , , , , , , , , , , , , ,12,180,225,180,210,9,270
2026261N07257,2026,70,EP,MM,POLO,2026-09-25 06:00:00,TS,17.1,-107.0, , , ,PROVISIONAL,330,330,O______________,nhc_working_bt,EP172026,17.1,-107.0, ,HU,135,929,4,110,90,90,110,45,45,40,45,30,30,30,35,1008,130,10, , , , , , , , , , , , , , , , , , , , , , , , , , , , , , , , , , , , , , , , , , , , , , , , , , , , , , , , , , , , , , , , , , , , , , , , , , , , , , , , , , , , , , , , , , , , , , , , , , , , , , , , , , , , , , , , , , , , , , , , , ,165, , , , ,12,180,240,180,210,9,270
2026261N07257,2026,70,EP,MM,POLO,2026-09-25 09:00:00,TS,17.1,-107.5, , , ,PROVISIONAL,368,368,P______________, ,EP172026,17.1,-107.5, ,HU,145,919,5,105,90,85,105,48,48,40,45,33,33,30,35,1008,130,10, , , , , , , , , , , , , , , , , , , , , , , , , , , , , , , , , , , , , , , , , , , , , , , , , , , , , , , , , , , , , , , , , , , , , , , , , , , , , , , , , , , , , , , , , , , , , , , , , , , , , , , , , , , , , , , , , , , , , , , , , , , , , , ,12,180,210,165,195,10,270
2026261N07257,2026,70,EP,MM,POLO,2026-09-25 12:00:00,TS,17.1,-108.0, , , ,PROVISIONAL,407,407,O______________,nhc_working_bt,EP172026,17.1,-108.0, ,HU,155,908,5,100,90,80,100,50,50,40,45,35,35,30,35,1008,130,10, , , , , , , , , , , , , , , , , , , , , , , , , , , , , , , , , , , , , , , , , , , , , , , , , , , , , , , , , , , , , , , , , , , , , , , , , , , , , , , , , , , , , , , , , , , , , , , , , , , , , , , , , , , , , , , , , , , , , , , , , ,190, , , , ,12,180,180,150,180,9,270
2026261N07257,2026,70,EP,MM,POLO,2026-09-25 15:00:00,TS,17.1,-108.4, , , ,PROVISIONAL,437,437,P______________, ,EP172026,17.1,-108.4, ,HU,155,911,5,110,90,85,100,50,50,40,43,33,33,28,33,1009,165,10, , , , , , , , , , , , , , , , , , , , , , , , , , , , , , , , , , , , , , , , , , , , , , , , , , , , , , , , , , , , , , , , , , , , , , , , , , , , , , , , , , , , , , , , , , , , , , , , , , , , , , , , , , , , , , , , , , , , , , , , , , , , , , ,12,195,180,150,180,8,270
2026261N07257,2026,70,EP,MM,POLO,2026-09-25 18:00:00,TS,17.1,-108.8, , , ,PROVISIONAL,470,470,O______________,nhc_working_bt,EP172026,17.1,-108.8, ,HU,155,914,5,120,90,90,100,50,50,40,40,30,30,25,30,1009,200,10,15, , , , , , , , , , , , , , , , , , , , , , , , , , , , , , , , , , , , , , , , , , , , , , , , , , , , , , , , , , , , , , , , , , , , , , , , , , , , , , , , , , , , , , , , , , , , , , , , , , , , , , , , , , , , , , , , , , , , , , , , ,185, , , , ,12,210,180,150,180,8,275
2026261N07257,2026,70,EP,MM,POLO,2026-09-25 21:00:00,TS,17.1,-109.3, , , ,PROVISIONAL,512,512,P______________, ,EP172026,17.1,-109.3, ,HU,153,913,5,120,90,90,100,50,50,40,40,30,30,28,30,1009,225,10, , , , , , , , , , , , , , , , , , , , , , , , , , , , , , , , , , , , , , , , , , , , , , , , , , , , , , , , , , , , , , , , , , , , , , , , , , , , , , , , , , , , , , , , , , , , , , , , , , , , , , , , , , , , , , , , , , , , , , , , , , , , , , ,12,210,165,165,195,9,275
2026261N07257,2026,70,EP,MM,POLO,2026-09-26 00:00:00,TS,17.2,-109.7, , , ,PROVISIONAL,541,541,O______________,nhc_working_bt,EP172026,17.2,-109.7, ,HU,150,911,5,120,90,90,100,50,50,40,40,30,30,30,30,1009,250,10, , , , , , , , , , , , , , , , , , , , , , , , , , , , , , , , , , , , , , , , , , , , , , , , , , , , , , , , , , , , , , , , , , , , , , , , , , , , , , , , , , , , , , , , , , , , , , , , , , , , , , , , , , , , , , , , , , , , , , , , , ,185, , , , ,12,210,150,180,210,8,285
2026261N07257,2026,70,EP,MM,POLO,2026-09-26 03:00:00,TS,17.3,-110.1, , , ,PROVISIONAL,571,571,P______________, ,EP172026,17.3,-110.1, ,HU,150,912,5,115,85,90,100,50,50,40,40,30,30,28,30,1009,245,10, , , , , , , , , , , , , , , , , , , , , , , , , , , , , , , , , , , , , , , , , , , , , , , , , , , , , , , , , , , , , , , , , , , , , , , , , , , , , , , , , , , , , , , , , , , , , , , , , , , , , , , , , , , , , , , , , , , , , , , , , , , , , , ,12,210,150,180,210,8,290
2026261N07257,2026,70,EP,MM,POLO,2026-09-26 06:00:00,TS,17.5,-110.5, , , ,PROVISIONAL,596,596,O______________,nhc_working_bt,EP172026,17.4,-110.5, ,HU,150,912,5,110,80,90,100,50,50,40,40,30,30,25,30,1009,240,10, , , , , , , , , , , , , , , , , , , , , , , , , , , , , , , , , , , , , , , , , , , , , , , , , , , , , , , , , , , , , , , , , , , , , , , , , , , , , , , , , , , , , , , , , , , , , , , , , , , , , , , , , , , , , , , , , , , , , , , , , ,185, , , , ,12,210,150,180,210,8,285
2026261N07257,2026,70,EP,MM,POLO,2026-09-26 09:00:00,TS,17.6,-111.0, , , ,PROVISIONAL,601,597,P______________, ,EP172026,17.5,-111.0, ,HU,143,917,5,110,85,90,100,50,50,40,40,30,30,25,30,1009,240,10, , , , , , , , , , , , , , , , , , , , , , , , , , , , , , , , , , , , , , , , , , , , , , , , , , , , , , , , , , , , , , , , , , , , , , , , , , , , , , , , , , , , , , , , , , , , , , , , , , , , , , , , , , , , , , , , , , , , , , , , , , , , , , ,12,210,165,195,195,9,285
2026261N07257,2026,70,EP,MM,POLO,2026-09-26 12:00:00,TS,17.7,-111.4, , , ,PROVISIONAL,599,586,O______________,nhc_working_bt,EP172026,17.7,-111.4, ,HU,135,922,4,110,90,90,100,50,50,40,40,30,30,25,30,1008,240,10, , , , , , , , , , , , , , , , , , , , , , , , , , , , , , , , , , , , , , , , , , , , , , , , , , , , , , , , , , , , , , , , , , , , , , , , , , , , , , , , , , , , , , , , , , , , , , , , , , , , , , , , , , , , , , , , , , , , , , , , , ,170, , , , ,12,210,180,210,180,9,295
2026261N07257,2026,70,EP,MM,POLO,2026-09-26 15:00:00,TS,18.0,-111.8, , , ,PROVISIONAL,579,563,P______________, ,EP172026,18.0,-111.8, ,HU,130,930,4,110,90,90,100,55,55,45,45,33,33,25,30,1008,198,13, , , , , , , , , , , , , , , , , , , , , , , , , , , , , , , , , , , , , , , , , , , , , , , , , , , , , , , , , , , , , , , , , , , , , , , , , , , , , , , , , , , , , , , , , , , , , , , , , , , , , , , , , , , , , , , , , , , , , , , , , , , , , , ,12,210,180,195,165,10,310
2026261N07257,2026,70,EP,MM,POLO,2026-09-26 18:00:00,TS,18.3,-112.2, , , ,PROVISIONAL,563,546,O______________,nhc_working_bt,EP172026,18.3,-112.2, ,HU,125,938,4,110,90,90,100,60,60,50,50,35,35,25,30,1008,155,15, , , , , , , , , , , , , , , , , , , , , , , , , , , , , , , , , , , , , , , , , , , , , , , , , , , , , , , , , , , , , , , , , , , , , , , , , , , , , , , , , , , , , , , , , , , , , , , , , , , , , , , , , , , , , , , , , , , , , , , , , ,150, , , , ,12,210,180,180,150,10,315
2026261N07257,2026,70,EP,MM,POLO,2026-09-26 21:00:00,TS,18.6,-112.6, , , ,PROVISIONAL,551,529,P______________, ,EP172026,18.6,-112.6, ,HU,118,942,4,125,95,90,100,60,60,50,50,35,35,25,30,1008,153,15, , , , , , , , , , , , , , , , , , , , , , , , , , , , , , , , , , , , , , , , , , , , , , , , , , , , , , , , , , , , , , , , , , , , , , , , , , , , , , , , , , , , , , , , , , , , , , , , , , , , , , , , , , , , , , , , , , , , , , , , , , , , , , ,12,210,210,195,180,10,315
2026261N07257,2026,70,EP,MM,POLO,2026-09-27 00:00:00,TS,19.0,-112.9, , , ,PROVISIONAL,529,513,O______________,nhc_working_bt,EP172026,19.0,-112.9, ,HU,110,946,3,140,100,90,100,60,60,50,50,35,35,25,30,1008,150,15, , , , , , , , , , , , , , , , , , , , , , , , , , , , , , , , , , , , , , , , , , , , , , , , , , , , , , , , , , , , , , , , , , , , , , , , , , , , , , , , , , , , , , , , , , , , , , , , , , , , , , , , , , , , , , , , , , , , , , , , , ,135, , , , ,12,210,240,210,210,9,325
2026261N07257,2026,70,EP,MM,POLO,2026-09-27 03:00:00,TS,19.4,-113.2, , , ,PROVISIONAL,513,494,P______________, ,EP172026,19.4,-113.2, ,HU,108,949,3,125,95,90,100,60,55,50,50,38,35,28,30,1008,155,15, , , , , , , , , , , , , , , , , , , , , , , , , , , , , , , , , , , , , , , , , , , , , , , , , , , , , , , , , , , , , , , , , , , , , , , , , , , , , , , , , , , , , , , , , , , , , , , , , , , , , , , , , , , , , , , , , , , , , , , , , , , , , , ,12,210,240,195,195,9,330
2026261N07257,2026,70,EP,MM,POLO,2026-09-27 06:00:00,TS,19.8,-113.4, , , ,PROVISIONAL,494,471,O______________,nhc_working_bt,EP172026,19.8,-113.4, ,HU,105,952,3,110,90,90,100,60,50,50,50,40,35,30,30,1008,160,15, , , , , , , , , , , , , , , , , , , , , , , , , , , , , , , , , , , , , , , , , , , , , , , , , , , , , , , , , , , , , , , , , , , , , , , , , , , , , , , , , , , , , , , , , , , , , , , , , , , , , , , , , , , , , , , , , , , , , , , , , ,130, , , , ,12,210,240,180,180,10,335
2026261N07257,2026,70,EP,MM,POLO,2026-09-27 09:00:00,TS,20.3,-113.6, , , ,PROVISIONAL,472,454,P______________, ,EP172026,20.2,-113.6, ,HU,105,952,3,100,90,85,90,58,50,48,50,40,35,28,33,1008,170,15, , , , , , , , , , , , , , , , , , , , , , , , , , , , , , , , , , , , , , , , , , , , , , , , , , , , , , , , , , , , , , , , , , , , , , , , , , , , , , , , , , , , , , , , , , , , , , , , , , , , , , , , , , , , , , , , , , , , , , , , , , , , , , ,12,195,225,165,180,10,340
2026261N07257,2026,70,EP,MM,POLO,2026-09-27 12:00:00,TS,20.7,-113.7, , , ,PROVISIONAL,454,441,O______________,nhc_working_bt,EP172026,20.6,-113.8, ,HU,105,952,3,90,90,80,80,55,50,45,50,40,35,25,35,1008,180,15, , , , , , , , , , , , , , , , , , , , , , , , , , , , , , , , , , , , , , , , , , , , , , , , , , , , , , , , , , , , , , , , , , , , , , , , , , , , , , , , , , , , , , , , , , , , , , , , , , , , , , , , , , , , , , , , , , , , , , , , , ,130, , , , ,12,180,210,150,180,8,340
2026261N07257,2026,70,EP,MM,POLO,2026-09-27 15:00:00,TS,21.1,-113.9, , , ,PROVISIONAL,436,413,P______________, ,EP172026,21.0,-113.9, ,HU,108,952,3,90,90,80,80,55,50,45,48,40,35,25,35,1008,190,15, , , , , , , , , , , , , , , , , , , , , , , , , , , , , , , , , , , , , , , , , , , , , , , , , , , , , , , , , , , , , , , , , , , , , , , , , , , , , , , , , , , , , , , , , , , , , , , , , , , , , , , , , , , , , , , , , , , , , , , , , , , , , , ,12,195,210,165,180,7,340
2026261N07257,2026,70,EP,MM,POLO,2026-09-27 18:00:00,TS,21.4,-114.0, , , ,PROVISIONAL,413,373,O______________,nhc_working_bt,EP172026,21.4,-114.0, ,HU,110,951,3,90,90,80,80,55,50,45,45,40,35,25,35,1007,200,15, , , , , , , , , , , , , , , , , , , , , , , , , , , , , , , , , , , , , , , , , , , , , , , , , , , , , , , , , , , , , , , , , , , , , , , , , , , , , , , , , , , , , , , , , , , , , , , , , , , , , , , , , , , , , , , , , , , , , , , , , ,135, , , , ,12,210,210,180,180,9,350
2026261N07257,2026,70,EP,MM,POLO,2026-09-27 21:00:00,TS,21.9,-114.1, , , ,PROVISIONAL,373,328,P______________, ,EP172026,21.9,-114.1, ,HU,110,951,3,90,90,80,80,55,50,45,45,40,35,28,35,1007,200,15, , , , , , , , , , , , , , , , , , , , , , , , , , , , , , , , , , , , , , , , , , , , , , , , , , , , , , , , , , , , , , , , , , , , , , , , , , , , , , , , , , , , , , , , , , , , , , , , , , , , , , , , , , , , , , , , , , , , , , , , , , , , , , ,12,210,210,180,210,10,355
2026261N07257,2026,70,EP,MM,POLO,2026-09-28 00:00:00,TS,22.4,-114.1, , , ,PROVISIONAL,328,294,O______________,nhc_working_bt,EP172026,22.4,-114.1, ,HU,110,951,3,90,90,80,80,55,50,45,45,40,35,30,35,1007,200,15, , , , , , , , , , , , , , , , , , , , , , , , , , , , , , , , , , , , , , , , , , , , , , , , , , , , , , , , , , , , , , , , , , , , , , , , , , , , , , , , , , , , , , , , , , , , , , , , , , , , , , , , , , , , , , , , , , , , , , , , , ,135, , , , ,12,210,210,180,240,9,0
2026261N07257,2026,70,EP,MM,POLO,2026-09-28 03:00:00,TS,22.8,-114.1, , , ,PROVISIONAL,294,255,P______________, ,EP172026,22.8,-114.1, ,HU,108,953,3,90,85,80,80,55,50,45,45,38,35,33,35,1007,195,15, , , , , , , , , , , , , , , , , , , , , , , , , , , , , , , , , , , , , , , , , , , , , , , , , , , , , , , , , , , , , , , , , , , , , , , , , , , , , , , , , , , , , , , , , , , , , , , , , , , , , , , , , , , , , , , , , , , , , , , , , , , , , , ,12,210,210,180,240,8,5
2026261N07257,2026,70,EP,MM,POLO,2026-09-28 06:00:00,TS,23.2,-114.0, , , ,PROVISIONAL,255,225,O______________,nhc_working_bt,EP172026,23.2,-114.0, ,HU,105,955,3,90,80,80,80,55,50,45,45,35,35,35,35,1007,190,15, , , , , , , , , , , , , , , , , , , , , , , , , , , , , , , , , , , , , , , , , , , , , , , , , , , , , , , , , , , , , , , , , , , , , , , , , , , , , , , , , , , , , , , , , , , , , , , , , , , , , , , , , , , , , , , , , , , , , , , , , ,130, , , , ,12,210,210,180,240,8,15
2026261N07257,2026,70,EP,MM,POLO,2026-09-28 09:00:00,TS,23.6,-113.9, , , ,PROVISIONAL,218,182,P______________, ,EP172026,23.6,-113.9, ,HU,103,957,3,90,80,80,75,55,50,45,45,35,35,35,35,1006,165,15, , , , , , , , , , , , , , , , , , , , , , , , , , , , , , , , , , , , , , , , , , , , , , , , , , , , , , , , , , , , , , , , , , , , , , , , , , , , , , , , , , , , , , , , , , , , , , , , , , , , , , , , , , , , , , , , , , , , , , , , , , , , , , ,12,180,195,165,210,8,20
2026261N07257,2026,70,EP,MM,POLO,2026-09-28 12:00:00,TS,23.9,-113.7, , , ,PROVISIONAL,182,156,O______________,nhc_working_bt,EP172026,23.9,-113.7, ,HU,100,958,3,90,80,80,70,55,50,45,45,35,35,35,35,1005,140,15, , , , , , , , , , , , , , , , , , , , , , , , , , , , , , , , , , , , , , , , , , , , , , , , , , , , , , , , , , , , , , , , , , , , , , , , , , , , , , , , , , , , , , , , , , , , , , , , , , , , , , , , , , , , , , , , , , , , , , , , , ,120, , , , ,12,150,180,150,180,7,20
2026261N07257,2026,70,EP,MM,POLO,2026-09-28 15:00:00,TS,24.2,-113.6, , , ,PROVISIONAL,156,123,P______________, ,EP172026,24.2,-113.6, ,HU,100,961,3,90,80,75,65,55,50,43,45,35,33,30,33,1005,140,15, , , , , , , , , , , , , , , , , , , , , , , , , , , , , , , , , , , , , , , , , , , , , , , , , , , , , , , , , , , , , , , , , , , , , , , , , , , , , , , , , , , , , , , , , , , , , , , , , , , , , , , , , , , , , , , , , , , , , , , , , , , , , , ,12,135,165,150,195,8,20
2026261N07257,2026,70,EP,MM,POLO,2026-09-28 18:00:00,TS,24.6,-113.4, , , ,PROVISIONAL,123,93,O______________,nhc_working_bt,EP172026,24.6,-113.4, ,HU,100,963,3,90,80,70,60,55,50,40,45,35,30,25,30,1005,140,15, , , , , , , , , , , , , , , , , , , , , , , , , , , , , , , , , , , , , , , , , , , , , , , , , , , , , , , , , , , , , , , , , , , , , , , , , , , , , , , , , , , , , , , , , , , , , , , , , , , , , , , , , , , , , , , , , , , , , , , , , ,120, , , , ,12,120,150,150,210,9,25
2026261N07257,2026,70,EP,MM,POLO,2026-09-28 21:00:00,TS,25.0,-113.1, , , ,PROVISIONAL,93,70,P______________, ,EP172026,25.0,-113.1, ,HU,100,963,3,90,80,70,65,55,50,40,45,35,30,25,30,1005,140,15, , , , , , , , , , , , , , , , , , , , , , , , , , , , , , , , , , , , , , , , , , , , , , , , , , , , , , , , , , , , , , , , , , , , , , , , , , , , , , , , , , , , , , , , , , , , , , , , , , , , , , , , , , , , , , , , , , , , , , , , , , , , , , ,12,105,120,135,225,11,30
2026261N07257,2026,70,EP,MM,POLO,2026-09-29 00:00:00,TS,25.5,-112.8, , , ,PROVISIONAL,70, ,O______________,nhc_working_bt,EP172026,25.5,-112.8, ,HU,100,963,3,90,80,70,70,55,50,40,45,35,30,25,30,1005,140,15, , , , , , , , , , , , , , , , , , , , , , , , , , , , , , , , , , , , , , , , , , , , , , , , , , , , , , , , , , , , , , , , , , , , , , , , , , , , , , , , , , , , , , , , , , , , , , , , , , , , , , , , , , , , , , , , , , , , , , , , , ,120, , , , ,12,90,90,120,240,11,30
2026261N32326,2026,71,NA,NA,FAY,2026-09-17 12:00:00,DS,32.1,-34.0, , , ,PROVISIONAL,1702,1702,O______________,nhc_working_bt,AL062026,32.1,-34.0, ,DB,15,1018,-3, , , , , , , , , , , , ,1019,150,90, , , , , , , , , , , , , , , , , , , , , , , , , , , , , , , , , , , , , , , , , , , , , , , , , , , , , , , , , , , , , , , , , , , , , , , , , , , , , , , , , , , , , , , , , , , , , , , , , , , , , , , , , , , , , , , , , , , , , , , , , , , , , , , , , , , ,4,330
2026261N32326,2026,71,NA,NA,FAY,2026-09-17 15:00:00,DS,32.3,-34.1, , , ,PROVISIONAL,1715,1715,P______________, ,AL062026,32.3,-34.1, ,DB,18,1018,-3, , , , , , , , , , , , ,1019,150,90, , , , , , , , , , , , , , , , , , , , , , , , , , , , , , , , , , , , , , , , , , , , , , , , , , , , , , , , , , , , , , , , , , , , , , , , , , , , , , , , , , , , , , , , , , , , , , , , , , , , , , , , , , , , , , , , , , , , , , , , , , , , , , , , , , , ,3,330
2026261N32326,2026,71,NA,NA,FAY,2026-09-17 18:00:00,DS,32.4,-34.2, , , ,PROVISIONAL,1726,1726,O______________,nhc_working_bt,AL062026,32.4,-34.2, ,DB,20,1018,-3, , , , , , , , , , , , ,1019,150,90, , , , , , , , , , , , , , , , , , , , , , , , , , , , , , , , , , , , , , , , , , , , , , , , , , , , , , , , , , , , , , , , , , , , , , , , , , , , , , , , , , , , , , , , , , , , , , , , , , , , , , , , , , , , , , , , , , , , , , , , , , , , , , , , , , , ,3,345
2026261N32326,2026,71,NA,NA,FAY,2026-09-17 21:00:00,DS,32.5,-34.2, , , ,PROVISIONAL,1728,1728,P______________, ,AL062026,32.5,-34.2, ,DB,20,1018,-3, , , , , , , , , , , , ,1019,150,90, , , , , , , , , , , , , , , , , , , , , , , , , , , , , , , , , , , , , , , , , , , , , , , , , , , , , , , , , , , , , , , , , , , , , , , , , , , , , , , , , , , , , , , , , , , , , , , , , , , , , , , , , , , , , , , , , , , , , , , , , , , , , , , , , , , ,2,10
2026261N32326,2026,71,NA,NA,FAY,2026-09-18 00:00:00,DS,32.6,-34.2, , , ,PROVISIONAL,1730,1730,O______________,nhc_working_bt,AL062026,32.6,-34.2, ,DB,20,1018,-3, , , , , , , , , , , , ,1019,150,90, , , , , , , , , , , , , , , , , , , , , , , , , , , , , , , , , , , , , , , , , , , , , , , , , , , , , , , , , , , , , , , , , , , , , , , , , , , , , , , , , , , , , , , , , , , , , , , , , , , , , , , , , , , , , , , , , , , , , , , , , , , , , , , , , , , ,2,10
2026261N32326,2026,71,NA,NA,FAY,2026-09-18 03:00:00,DS,32.7,-34.2, , , ,PROVISIONAL,1733,1733,P______________, ,AL062026,32.7,-34.2, ,DB,23,1018,-3, , , , , , , , , , , , ,1019,165,90, , , , , , , , , , , , , , , , , , , , , , , , , , , , , , , , , , , , , , , , , , , , , , , , , , , , , , , , , , , , , , , , , , , , , , , , , , , , , , , , , , , , , , , , , , , , , , , , , , , , , , , , , , , , , , , , , , , , , , , , , , , , , , , , , , , ,2,10
2026261N32326,2026,71,NA,NA,FAY,2026-09-18 06:00:00,DS,32.8,-34.2, , , ,PROVISIONAL,1735,1735,O______________,nhc_working_bt,AL062026,32.8,-34.2, ,DB,25,1017,-3, , , , , , , , , , , , ,1019,180,90, , , , , , , , , , , , , , , , , , , , , , , , , , , , , , , , , , , , , , , , , , , , , , , , , , , , , , , , , , , , , , , , , , , , , , , , , , , , , , , , , , , , , , , , , , , , , , , , , , , , , , , , , , , , , , , , , , , , , , , , , , , , , , , , , , , ,2,10
2026261N32326,2026,71,NA,NA,FAY,2026-09-18 09:00:00,DS,32.9,-34.2, , , ,PROVISIONAL,1737,1728,P______________, ,AL062026,32.9,-34.2, ,DB,25,1017,-3, , , , , , , , , , , , ,1019,180,80, , , , , , , , , , , , , , , , , , , , , , , , , , , , , , , , , , , , , , , , , , , , , , , , , , , , , , , , , , , , , , , , , , , , , , , , , , , , , , , , , , , , , , , , , , , , , , , , , , , , , , , , , , , , , , , , , , , , , , , , , , , , , , , , , , , ,1,40
2026261N32326,2026,71,NA,NA,FAY,2026-09-18 12:00:00,DS,32.9,-34.1, , , ,PROVISIONAL,1728,1728,O______________,nhc_working_bt,AL062026,32.9,-34.1, ,LO,25,1017,-3, , , , , , , , , , , , ,1019,180,70, , , , , , , , , , , , , , , , , , , , , , , , , , , , , , , , , , , , , , , , , , , , , , , , , , , , , , , , , , , , , , , , , , , , , , , , , , , , , , , , , , , , , , , , , , , , , , , , , , , , , , , , , , , , , , , , , , , , , , , , , , , , , , , , , , , ,1,90
2026261N32326,2026,71,NA,NA,FAY,2026-09-18 15:00:00,DS,32.9,-34.0, , , ,PROVISIONAL,1719,1717,P______________, ,AL062026,32.9,-34.0, ,LO,25,1017,-3, , , , , , , , , , , , ,1019,180,60, , , , , , , , , , , , , , , , , , , , , , , , , , , , , , , , , , , , , , , , , , , , , , , , , , , , , , , , , , , , , , , , , , , , , , , , , , , , , , , , , , , , , , , , , , , , , , , , , , , , , , , , , , , , , , , , , , , , , , , , , , , , , , , , , , , ,1,140
2026261N32326,2026,71,NA,NA,FAY,2026-09-18 18:00:00,DS,32.8,-34.0, , , ,PROVISIONAL,1717,1714,O______________,nhc_working_bt,AL062026,32.8,-34.0, ,LO,25,1016,-3, , , , , , , , , , , , ,1019,180,50, , , , , , , , , , , , , , , , , , , , , , , , , , , , , , , , , , , , , , , , , , , , , , , , , , , , , , , , , , , , , , , , , , , , , , , , , , , , , , , , , , , , , , , , , , , , , , , , , , , , , , , , , , , , , , , , , , , , , , , , , , , , , , , , , , , ,2,160
2026261N32326,2026,71,NA,NA,FAY,2026-09-18 21:00:00,DS,32.7,-34.0, , , ,PROVISIONAL,1714,1703,P______________, ,AL062026,32.7,-34.0, ,LO,28,1016,-3, , , , , , , , , , , , ,1019,180,50, , , , , , , , , , , , , , , , , , , , , , , , , , , , , , , , , , , , , , , , , , , , , , , , , , , , , , , , , , , , , , , , , , , , , , , , , , , , , , , , , , , , , , , , , , , , , , , , , , , , , , , , , , , , , , , , , , , , , , , , , , , , , , , , , , , ,2,155
2026261N32326,2026,71,NA,NA,FAY,2026-09-19 00:00:00,DS,32.6,-33.9, , , ,PROVISIONAL,1703,1694,O______________,nhc_working_bt,AL062026,32.6,-33.9, ,LO,30,1015,-3, , , , , , , , , , , , ,1019,180,50, , , , , , , , , , , , , , , , , , , , , , , , , , , , , , , , , , , , , , , , , , , , , , , , , , , , , , , , , , , , , , , , , , , , , , , , , , , , , , , , , , , , , , , , , , , , , , , , , , , , , , , , , , , , , , , , , , , , , , , , , ,40, , , , , , , , , ,2,120
2026261N32326,2026,71,NA,NA,FAY,2026-09-19 03:00:00,DS,32.6,-33.7, , , ,PROVISIONAL,1685,1675,P______________, ,AL062026,32.6,-33.7, ,LO,30,1015,-3, , , , , , , , , , , , ,1019,180,50, , , , , , , , , , , , , , , , , , , , , , , , , , , , , , , , , , , , , , , , , , , , , , , , , , , , , , , , , , , , , , , , , , , , , , , , , , , , , , , , , , , , , , , , , , , , , , , , , , , , , , , , , , , , , , , , , , , , , , , , , , , , , , , , , , , ,3,90
2026261N32326,2026,71,NA,NA,FAY,2026-09-19 06:00:00,DS,32.6,-33.6, , , ,PROVISIONAL,1675,1673,O______________,nhc_working_bt,AL062026,32.6,-33.6, ,LO,30,1015,-3, , , , , , , , , , , , ,1019,180,50, , , , , , , , , , , , , , , , , , , , , , , , , , , , , , , , , , , , , , , , , , , , , , , , , , , , , , , , , , , , , , , , , , , , , , , , , , , , , , , , , , , , , , , , , , , , , , , , , , , , , , , , , , , , , , , , , , , , , , , , , ,40, , , , , , , , , ,1,115
2026261N32326,2026,71,NA,NA,FAY,2026-09-19 09:00:00,DS,32.5,-33.6, , , ,PROVISIONAL,1673,1673,P______________, ,AL062026,32.5,-33.6, ,LO,30,1012,-3, , , , , , , , , , , , ,1019,185,50, , , , , , , , , , , , , , , , , , , , , , , , , , , , , , , , , , , , , , , , , , , , , , , , , , , , , , , , , , , , , , , , , , , , , , , , , , , , , , , , , , , , , , , , , , , , , , , , , , , , , , , , , , , , , , , , , , , , , , , , , , , , , , , , , , , ,1,0
2026261N32326,2026,71,NA,NA,FAY,2026-09-19 12:00:00,TS,32.5,-33.6, , , ,PROVISIONAL,1673,1673,O______________,nhc_working_bt,AL062026,32.5,-33.6, ,TD,30,1009,-1, , , , , , , , , , , , ,1019,190,50, , , , , , , , , , , , , , , , , , , , , , , , , , , , , , , , , , , , , , , , , , , , , , , , , , , , , , , , , , , , , , , , , , , , , , , , , , , , , , , , , , , , , , , , , , , , , , , , , , , , , , , , , , , , , , , , , , , , , , , , , ,40, , , , , , , , , ,0,25
2026261N32326,2026,71,NA,NA,FAY,2026-09-19 15:00:00,TS,32.6,-33.6, , , ,PROVISIONAL,1675,1666,P______________, ,AL062026,32.6,-33.6, ,TD,30,1008,-1, , , , , , , , , , , , ,1018,195,50, , , , , , , , , , , , , , , , , , , , , , , , , , , , , , , , , , , , , , , , , , , , , , , , , , , , , , , , , , , , , , , , , , , , , , , , , , , , , , , , , , , , , , , , , , , , , , , , , , , , , , , , , , , , , , , , , , , , , , , , , , , , , , , , , , , ,2,25
2026261N32326,2026,71,NA,NA,FAY,2026-09-19 18:00:00,TS,32.7,-33.5, , , ,PROVISIONAL,1669,1662,O______________,nhc_working_bt,AL062026,32.7,-33.5, ,TD,30,1007,-1, , , , , , , , , , , , ,1017,200,50, , , , , , , , , , , , , , , , , , , , , , , , , , , , , , , , , , , , , , , , , , , , , , , , , , , , , , , , , , , , , , , , , , , , , , , , , , , , , , , , , , , , , , , , , , , , , , , , , , , , , , , , , , , , , , , , , , , , , , , , , ,40, , , , , , , , , ,3,25
2026261N32326,2026,71,NA,NA,FAY,2026-09-19 21:00:00,TS,32.9,-33.4, , , ,PROVISIONAL,1665,1658,P______________, ,AL062026,32.9,-33.4, ,TD,30,1007,-1, , , , , , , , , , , , ,1017,200,50, , , , , , , , , , , , , , , , , , , , , , , , , , , , , , , , , , , , , , , , , , , , , , , , , , , , , , , , , , , , , , , , , , , , , , , , , , , , , , , , , , , , , , , , , , , , , , , , , , , , , , , , , , , , , , , , , , , , , , , , , , , , , , , , , , , ,4,25
2026261N32326,2026,71,NA,NA,FAY,2026-09-20 00:00:00,TS,33.1,-33.3, , , ,PROVISIONAL,1661,1658,O______________,nhc_working_bt,AL062026,33.1,-33.3, ,TD,30,1007,-1, , , , , , , , , , , , ,1017,200,50, , , , , , , , , , , , , , , , , , , , , , , , , , , , , , , , , , , , , , , , , , , , , , , , , , , , , , , , , , , , , , , , , , , , , , , , , , , , , , , , , , , , , , , , , , , , , , , , , , , , , , , , , , , , , , , , , , , , , , , , , ,40, , , , , , , , , ,4,20
2026261N32326,2026,71,NA,NA,FAY,2026-09-20 03:00:00,TS,33.3,-33.2, , , ,PROVISIONAL,1658,1658,P______________, ,AL062026,33.3,-33.2, ,TD,33,1007,-1, , , , , , , , , , , , ,1017,200,40, , , , , , , , , , , , , , , , , , , , , , , , , , , , , , , , , , , , , , , , , , , , , , , , , , , , , , , , , , , , , , , , , , , , , , , , , , , , , , , , , , , , , , , , , , , , , , , , , , , , , , , , , , , , , , , , , , , , , , , , , , , , , , , , , , , ,4,10
2026261N32326,2026,71,NA,NA,FAY,2026-09-20 06:00:00,TS,33.5,-33.2, , , ,PROVISIONAL,1664,1664,O______________,nhc_working_bt,AL062026,33.5,-33.2, ,TS,35,1006,0,40,40,0,0, , , , , , , , ,1016,200,30, , , , , , , , , , , , , , , , , , , , , , , , , , , , , , , , , , , , , , , , , , , , , , , , , , , , , , , , , , , , , , , , , , , , , , , , , , , , , , , , , , , , , , , , , , , , , , , , , , , , , , , , , , , , , , , , , , , , , , , , , ,45, , , , , , , , , ,5,10
2026261N32326,2026,71,NA,NA,FAY,2026-09-20 09:00:00,TS,33.8,-33.2, , , ,PROVISIONAL,1673,1664,P______________, ,AL062026,33.8,-33.2, ,TS,43,1005,0,40,40,0,0, , , , , , , , ,1016,200,30, , , , , , , , , , , , , , , , , , , , , , , , , , , , , , , , , , , , , , , , , , , , , , , , , , , , , , , , , , , , , , , , , , , , , , , , , , , , , , , , , , , , , , , , , , , , , , , , , , , , , , , , , , , , , , , , , , , , , , , , , , , , , , , , , , , ,5,10
2026261N32326,2026,71,NA,NA,FAY,2026-09-20 12:00:00,TS,34.0,-33.1, , , ,PROVISIONAL,1671,1666,O______________,nhc_working_bt,AL062026,34.0,-33.1, ,TS,50,1004,0,40,40,0,0, , , , , , , , ,1016,200,30, , , , , , , , , , , , , , , , , , , , , , , , , , , , , , , , , , , , , , , , , , , , , , , , , , , , , , , , , , , , , , , , , , , , , , , , , , , , , , , , , , , , , , , , , , , , , , , , , , , , , , , , , , , , , , , , , , , , , , , , , ,60, , , , , , , , , ,5,20
2026261N32326,2026,71,NA,NA,FAY,2026-09-20 15:00:00,TS,34.2,-33.0, , , ,PROVISIONAL,1669,1656,P______________, ,AL062026,34.1,-33.0, ,TS,53,1002,0,40,40,15,20, , , , , , , , ,1017,190,25, , , , , , , , , , , , , , , , , , , , , , , , , , , , , , , , , , , , , , , , , , , , , , , , , , , , , , , , , , , , , , , , , , , , , , , , , , , , , , , , , , , , , , , , , , , , , , , , , , , , , , , , , , , , , , , , , , , , , , , , , , , , , , , , , , , ,4,35
2026261N32326,2026,71,NA,NA,FAY,2026-09-20 18:00:00,TS,34.3,-32.8, , , ,PROVISIONAL,1656,1630,O______________,nhc_working_bt,AL062026,34.2,-32.8, ,TS,55,999,0,40,40,30,40,20,0,0,20, , , , ,1017,180,20, , , , , , , , , , , , , , , , , , , , , , , , , , , , , , , , , , , , , , , , , , , , , , , , , , , , , , , , , , , , , , , , , , , , , , , , , , , , , , , , , , , , , , , , , , , , , , , , , , , , , , , , , , , , , , , , , , , , , , , , , ,65, , , , ,12,60, , , ,5,80
2026261N32326,2026,71,NA,NA,FAY,2026-09-20 21:00:00,TS,34.3,-32.4, , , ,PROVISIONAL,1621,1592,P______________, ,AL062026,34.2,-32.4, ,TS,58,997,0,50,55,35,45,20,0,0,20, , , , ,1018,180,18, , , , , , , , , , , , , , , , , , , , , , , , , , , , , , , , , , , , , , , , , , , , , , , , , , , , , , , , , , , , , , , , , , , , , , , , , , , , , , , , , , , , , , , , , , , , , , , , , , , , , , , , , , , , , , , , , , , , , , , , , , , , , , ,12,60, , , ,6,105
2026261N32326,2026,71,NA,NA,FAY,2026-09-21 00:00:00,TS,34.2,-32.1, , , ,PROVISIONAL,1592,1579,O______________,nhc_working_bt,AL062026,34.2,-32.1, ,TS,60,995,0,60,70,40,50,20,0,0,20, , , , ,1019,180,15, , , , , , , , , , , , , , , , , , , , , , , , , , , , , , , , , , , , , , , , , , , , , , , , , , , , , , , , , , , , , , , , , , , , , , , , , , , , , , , , , , , , , , , , , , , , , , , , , , , , , , , , , , , , , , , , , , , , , , , , , ,75, , , , ,12,60, , , ,4,115
2026261N32326,2026,71,NA,NA,FAY,2026-09-21 03:00:00,TS,34.1,-32.0, , , ,PROVISIONAL,1579,1575,P______________, ,AL062026,34.1,-32.0, ,TS,58,996,0,60,70,40,50,20,0,0,20, , , , ,1019,165,15, , , , , , , , , , , , , , , , , , , , , , , , , , , , , , , , , , , , , , , , , , , , , , , , , , , , , , , , , , , , , , , , , , , , , , , , , , , , , , , , , , , , , , , , , , , , , , , , , , , , , , , , , , , , , , , , , , , , , , , , , , , , , , ,12,60, , , ,2,155
2026261N32326,2026,71,NA,NA,FAY,2026-09-21 06:00:00,TS,34.0,-32.0, , , ,PROVISIONAL,1575,1559,O______________,nhc_working_bt,AL062026,34.0,-32.0, ,TS,55,997,0,60,70,40,50,20,0,0,20, , , , ,1018,150,15, , , , , , , , , , , , , , , , , , , , , , , , , , , , , , , , , , , , , , , , , , , , , , , , , , , , , , , , , , , , , , , , , , , , , , , , , , , , , , , , , , , , , , , , , , , , , , , , , , , , , , , , , , , , , , , , , , , , , , , , , ,65, , , , ,12,60, , , ,4,170
2026261N32326,2026,71,NA,NA,FAY,2026-09-21 09:00:00,TS,33.8,-31.9, , , ,PROVISIONAL,1559,1549,P______________, ,AL062026,33.8,-31.9, ,TS,50,999,0,60,70,40,50,10, , ,10, , , , ,1019,150,15, , , , , , , , , , , , , , , , , , , , , , , , , , , , , , , , , , , , , , , , , , , , , , , , , , , , , , , , , , , , , , , , , , , , , , , , , , , , , , , , , , , , , , , , , , , , , , , , , , , , , , , , , , , , , , , , , , , , , , , , , , , , , , ,12,60, , , ,5,170
2026261N32326,2026,71,NA,NA,FAY,2026-09-21 12:00:00,TS,33.5,-31.9, , , ,PROVISIONAL,1549,1545,O______________,nhc_working_bt,AL062026,33.5,-31.9, ,TS,45,1000,0,60,70,40,50, , , , , , , , ,1020,150,15, , , , , , , , , , , , , , , , , , , , , , , , , , , , , , , , , , , , , , , , , , , , , , , , , , , , , , , , , , , , , , , , , , , , , , , , , , , , , , , , , , , , , , , , , , , , , , , , , , , , , , , , , , , , , , , , , , , , , , , , , ,55, , , , ,12,60, , ,30,3,185
2026261N32326,2026,71,NA,NA,FAY,2026-09-21 15:00:00,TS,33.4,-31.9, , , ,PROVISIONAL,1545,1545,P______________, ,AL062026,33.4,-31.9, ,TS,43,1002,0,60,70,40,50, , , , , , , , ,1019,135,18, , , , , , , , , , , , , , , , , , , , , , , , , , , , , , , , , , , , , , , , , , , , , , , , , , , , , , , , , , , , , , , , , , , , , , , , , , , , , , , , , , , , , , , , , , , , , , , , , , , , , , , , , , , , , , , , , , , , , , , , , , , , , , ,12,60, , ,60,3,220
2026261N32326,2026,71,NA,NA,FAY,2026-09-21 18:00:00,TS,33.3,-32.1, , , ,PROVISIONAL,1560,1556,O______________,nhc_working_bt,AL062026,33.3,-32.1, ,TS,40,1004,0,60,70,40,50, , , , , , , , ,1018,120,20, , , , , , , , , , , , , , , , , , , , , , , , , , , , , , , , , , , , , , , , , , , , , , , , , , , , , , , , , , , , , , , , , , , , , , , , , , , , , , , , , , , , , , , , , , , , , , , , , , , , , , , , , , , , , , , , , , , , , , , , , ,50, , , , ,12,60, , ,90,6,220
2026261N32326,2026,71,NA,NA,FAY,2026-09-21 21:00:00,TS,33.0,-32.4, , , ,PROVISIONAL,1577,1574,P______________, ,AL062026,33.0,-32.4, ,TS,38,1006,0,60,60,40,55, , , , , , , , ,1019,125,20, , , , , , , , , , , , , , , , , , , , , , , , , , , , , , , , , , , , , , , , , , , , , , , , , , , , , , , , , , , , , , , , , , , , , , , , , , , , , , , , , , , , , , , , , , , , , , , , , , , , , , , , , , , , , , , , , , , , , , , , , , , , , , ,12,60, , ,90,9,215
2026261N32326,2026,71,NA,NA,FAY,2026-09-22 00:00:00,TS,32.6,-32.7, , , ,PROVISIONAL,1593,1593,O______________,nhc_working_bt,AL062026,32.6,-32.7, ,TS,35,1008,0,60,50,40,60, , , , , , , , ,1020,130,20, , , , , , , , , , , , , , , , , , , , , , , , , , , , , , , , , , , , , , , , , , , , , , , , , , , , , , , , , , , , , , , , , , , , , , , , , , , , , , , , , , , , , , , , , , , , , , , , , , , , , , , , , , , , , , , , , , , , , , , , , ,45, , , , ,12,60, , ,90,8,225
2026261N32326,2026,71,NA,NA,FAY,2026-09-22 03:00:00,TS,32.3,-33.0, , , ,PROVISIONAL,1613,1613,P______________, ,AL062026,32.3,-33.0, ,TS,35,1009,0,50,25,20,50, , , , , , , , ,1020,130,30, , , , , , , , , , , , , , , , , , , , , , , , , , , , , , , , , , , , , , , , , , , , , , , , , , , , , , , , , , , , , , , , , , , , , , , , , , , , , , , , , , , , , , , , , , , , , , , , , , , , , , , , , , , , , , , , , , , , , , , , , , , , , , , , , , , ,8,230
2026261N32326,2026,71,NA,NA,FAY,2026-09-22 06:00:00,TS,32.1,-33.4, , , ,PROVISIONAL,1646,1646,O______________,nhc_working_bt,AL062026,32.1,-33.4, ,TS,35,1009,0,40,0,0,40, , , , , , , , ,1020,130,40, , , , , , , , , , , , , , , , , , , , , , , , , , , , , , , , , , , , , , , , , , , , , , , , , , , , , , , , , , , , , , , , , , , , , , , , , , , , , , , , , , , , , , , , , , , , , , , , , , , , , , , , , , , , , , , , , , , , , , , , , ,45, , , , , , , , , ,9,225
2026261N32326,2026,71,NA,NA,FAY,2026-09-22 09:00:00,TS,31.7,-33.8, , , ,PROVISIONAL,1676,1674,P______________, ,AL062026,31.7,-33.8, ,TS,33,1010,-1, , , , , , , , , , , , ,1020,130,40, , , , , , , , , , , , , , , , , , , , , , , , , , , , , , , , , , , , , , , , , , , , , , , , , , , , , , , , , , , , , , , , , , , , , , , , , , , , , , , , , , , , , , , , , , , , , , , , , , , , , , , , , , , , , , , , , , , , , , , , , , , , , , , , , , , ,9,220
2026261N32326,2026,71,NA,NA,FAY,2026-09-22 12:00:00,TS,31.4,-34.1, , , ,PROVISIONAL,1699,1699,O______________,nhc_working_bt,AL062026,31.4,-34.1, ,TD,30,1010,-1, , , , , , , , , , , , ,1020,130,40, , , , , , , , , , , , , , , , , , , , , , , , , , , , , , , , , , , , , , , , , , , , , , , , , , , , , , , , , , , , , , , , , , , , , , , , , , , , , , , , , , , , , , , , , , , , , , , , , , , , , , , , , , , , , , , , , , , , , , , , , ,40, , , , ,12,60, ,30,90,8,225
2026261N32326,2026,71,NA,NA,FAY,2026-09-22 15:00:00,TS,31.2,-34.4, , , ,PROVISIONAL,1725,1725,P______________, ,AL062026,31.2,-34.4, ,TD,30,1010,-1, , , , , , , , , , , , ,1020,130,40, , , , , , , , , , , , , , , , , , , , , , , , , , , , , , , , , , , , , , , , , , , , , , , , , , , , , , , , , , , , , , , , , , , , , , , , , , , , , , , , , , , , , , , , , , , , , , , , , , , , , , , , , , , , , , , , , , , , , , , , , , , , , , ,12, , , ,75,7,235
2026261N32326,2026,71,NA,NA,FAY,2026-09-22 18:00:00,TS,31.0,-34.8, , , ,PROVISIONAL,1760,1760,O______________,nhc_working_bt,AL062026,31.0,-34.8, ,TD,30,1010,-1, , , , , , , , , , , , ,1020,130,40, , , , , , , , , , , , , , , , , , , , , , , , , , , , , , , , , , , , , , , , , , , , , , , , , , , , , , , , , , , , , , , , , , , , , , , , , , , , , , , , , , , , , , , , , , , , , , , , , , , , , , , , , , , , , , , , , , , , , , , , , ,40, , , , ,12, , , ,60,7,245
2026261N32326,2026,71,NA,NA,FAY,2026-09-22 21:00:00,TS,30.9,-35.2, , , ,PROVISIONAL,1797,1797,P______________, ,AL062026,30.8,-35.2, ,TD,30,1011,-1, , , , , , , , , , , , ,1020,130,40, , , , , , , , , , , , , , , , , , , , , , , , , , , , , , , , , , , , , , , , , , , , , , , , , , , , , , , , , , , , , , , , , , , , , , , , , , , , , , , , , , , , , , , , , , , , , , , , , , , , , , , , , , , , , , , , , , , , , , , , , , , , , , , , , , , ,8,255
2026261N32326,2026,71,NA,NA,FAY,2026-09-23 00:00:00,DS,30.8,-35.7, , , ,PROVISIONAL,1844,1844,O______________,nhc_working_bt,AL062026,30.6,-35.7, ,LO,30,1011,-3, , , , , , , , , , , , ,1019,130,40, , , , , , , , , , , , , , , , , , , , , , , , , , , , , , , , , , , , , , , , , , , , , , , , , , , , , , , , , , , , , , , , , , , , , , , , , , , , , , , , , , , , , , , , , , , , , , , , , , , , , , , , , , , , , , , , , , , , , , , , , , , , , , , , , , , ,9,260
2026261N32326,2026,71,NA,NA,FAY,2026-09-23 03:00:00,DS,30.7,-36.3, , , ,PROVISIONAL,1901,1901,P______________, ,AL062026,30.5,-36.3, ,LO,30,1011,-3, , , , , , , , , , , , ,1019,130,40, , , , , , , , , , , , , , , , , , , , , , , , , , , , , , , , , , , , , , , , , , , , , , , , , , , , , , , , , , , , , , , , , , , , , , , , , , , , , , , , , , , , , , , , , , , , , , , , , , , , , , , , , , , , , , , , , , , , , , , , , , , , , , , , , , , ,10,265
2026261N32326,2026,71,NA,NA,FAY,2026-09-23 06:00:00,DS,30.7,-36.8, , , ,PROVISIONAL,1948,1948,O______________,nhc_working_bt,AL062026,30.4,-37.0, ,LO,30,1011,-3, , , , , , , , , , , , ,1019,130,40, , , , , , , , , , , , , , , , , , , , , , , , , , , , , , , , , , , , , , , , , , , , , , , , , , , , , , , , , , , , , , , , , , , , , , , , , , , , , , , , , , , , , , , , , , , , , , , , , , , , , , , , , , , , , , , , , , , , , , , , , , , , , , , , , , , ,9,265
2026261N32326,2026,71,NA,NA,FAY,2026-09-23 09:00:00,DS,30.6,-37.3, , , ,PROVISIONAL,1996,1996,P______________, ,AL062026,30.3,-37.5, ,LO,30,1011,-3, , , , , , , , , , , , ,1019,130,40, , , , , , , , , , , , , , , , , , , , , , , , , , , , , , , , , , , , , , , , , , , , , , , , , , , , , , , , , , , , , , , , , , , , , , , , , , , , , , , , , , , , , , , , , , , , , , , , , , , , , , , , , , , , , , , , , , , , , , , , , , , , , , , , , , , ,9,260
2026261N32326,2026,71,NA,NA,FAY,2026-09-23 12:00:00,DS,30.5,-37.8, , , ,PROVISIONAL,2043,2043,O______________,nhc_working_bt,AL062026,30.3,-37.9, ,LO,30,1011,-3, , , , , , , , , , , , ,1019,130,40, , , , , , , , , , , , , , , , , , , , , , , , , , , , , , , , , , , , , , , , , , , , , , , , , , , , , , , , , , , , , , , , , , , , , , , , , , , , , , , , , , , , , , , , , , , , , , , , , , , , , , , , , , , , , , , , , , , , , , , , , , , , , , , , , , , ,9,250
2026261N32326,2026,71,NA,NA,FAY,2026-09-23 15:00:00,DS,30.3,-38.3, , , ,PROVISIONAL,2090,2090,P______________, ,AL062026,30.2,-38.4, ,LO,30,1011,-3, , , , , , , , , , , , ,1018,135,40, , , , , , , , , , , , , , , , , , , , , , , , , , , , , , , , , , , , , , , , , , , , , , , , , , , , , , , , , , , , , , , , , , , , , , , , , , , , , , , , , , , , , , , , , , , , , , , , , , , , , , , , , , , , , , , , , , , , , , , , , , , , , , , , , , , ,9,245
2026261N32326,2026,71,NA,NA,FAY,2026-09-23 18:00:00,TS,30.1,-38.8, , , ,PROVISIONAL,2138,2138,O______________,nhc_working_bt,AL062026,30.1,-38.8, ,TD,30,1011,-1, , , , , , , , , , , , ,1016,140,40, , , , , , , , , , , , , , , , , , , , , , , , , , , , , , , , , , , , , , , , , , , , , , , , , , , , , , , , , , , , , , , , , , , , , , , , , , , , , , , , , , , , , , , , , , , , , , , , , , , , , , , , , , , , , , , , , , , , , , , , , ,40, , , , , , , , , ,9,245
2026261N32326,2026,71,NA,NA,FAY,2026-09-23 21:00:00,TS,29.9,-39.2, , , ,PROVISIONAL,2177,2177,P______________, ,AL062026,29.9,-39.2, ,TD,33,1011,-1, , , , , , , , , , , , ,1017,140,45, , , , , , , , , , , , , , , , , , , , , , , , , , , , , , , , , , , , , , , , , , , , , , , , , , , , , , , , , , , , , , , , , , , , , , , , , , , , , , , , , , , , , , , , , , , , , , , , , , , , , , , , , , , , , , , , , , , , , , , , , , , , , , , , , , , ,8,245
2026261N32326,2026,71,NA,NA,FAY,2026-09-24 00:00:00,TS,29.8,-39.6, , , ,PROVISIONAL,2207,2193,O______________,nhc_working_bt,AL062026,29.8,-39.6, ,TS,35,1010,0,60,0,0,50, , , , , , , , ,1017,140,50, , , , , , , , , , , , , , , , , , , , , , , , , , , , , , , , , , , , , , , , , , , , , , , , , , , , , , , , , , , , , , , , , , , , , , , , , , , , , , , , , , , , , , , , , , , , , , , , , , , , , , , , , , , , , , , , , , , , , , , , , ,45, , , , , , , , , ,6,260
2026261N32326,2026,71,NA,NA,FAY,2026-09-24 03:00:00,TS,29.8,-39.9, , , ,PROVISIONAL,2193,2180,P______________, ,AL062026,29.8,-39.9, ,TS,35,1010,0,60,0,0,50, , , , , , , , ,1017,140,50, , , , , , , , , , , , , , , , , , , , , , , , , , , , , , , , , , , , , , , , , , , , , , , , , , , , , , , , , , , , , , , , , , , , , , , , , , , , , , , , , , , , , , , , , , , , , , , , , , , , , , , , , , , , , , , , , , , , , , , , , , , , , , , , , , , ,5,275
2026261N32326,2026,71,NA,NA,FAY,2026-09-24 06:00:00,TS,29.8,-40.2, , , ,PROVISIONAL,2180,2167,O______________,nhc_working_bt,AL062026,29.9,-40.2, ,TS,35,1010,0,60,0,0,50, , , , , , , , ,1017,140,50, , , , , , , , , , , , , , , , , , , , , , , , , , , , , , , , , , , , , , , , , , , , , , , , , , , , , , , , , , , , , , , , , , , , , , , , , , , , , , , , , , , , , , , , , , , , , , , , , , , , , , , , , , , , , , , , , , , , , , , , , ,45, , , , , , , , , ,5,275
2026261N32326,2026,71,NA,NA,FAY,2026-09-24 09:00:00,TS,29.8,-40.5, , , ,PROVISIONAL,2167,2154,P______________, ,AL062026,29.9,-40.4, ,TS,40,1008,0,65,10,10,55, , , , , , , , ,1017,140,50, , , , , , , , , , , , , , , , , , , , , , , , , , , , , , , , , , , , , , , , , , , , , , , , , , , , , , , , , , , , , , , , , , , , , , , , , , , , , , , , , , , , , , , , , , , , , , , , , , , , , , , , , , , , , , , , , , , , , , , , , , , , , , , , , , , ,5,270
2026261N32326,2026,71,NA,NA,FAY,2026-09-24 12:00:00,TS,29.8,-40.8, , , ,PROVISIONAL,2154,2141,O______________,nhc_working_bt,AL062026,29.9,-40.6, ,TS,45,1005,0,70,20,20,60, , , , , , , , ,1017,140,50, , , , , , , , , , , , , , , , , , , , , , , , , , , , , , , , , , , , , , , , , , , , , , , , , , , , , , , , , , , , , , , , , , , , , , , , , , , , , , , , , , , , , , , , , , , , , , , , , , , , , , , , , , , , , , , , , , , , , , , , , ,55, , , , , , , , , ,5,270
2026261N32326,2026,71,NA,NA,FAY,2026-09-24 15:00:00,TS,29.8,-41.1, , , ,PROVISIONAL,2141,2119,P______________, ,AL062026,29.9,-40.8, ,TS,45,1005,0,70,20,20,60, , , , , , , , ,1017,140,50, , , , , , , , , , , , , , , , , , , , , , , , , , , , , , , , , , , , , , , , , , , , , , , , , , , , , , , , , , , , , , , , , , , , , , , , , , , , , , , , , , , , , , , , , , , , , , , , , , , , , , , , , , , , , , , , , , , , , , , , , , , , , , , , , , , ,5,275
2026261N32326,2026,71,NA,NA,FAY,2026-09-24 18:00:00,TS,29.9,-41.4, , , ,PROVISIONAL,2119,2110,O______________,nhc_working_bt,AL062026,30.0,-41.1, ,TS,45,1005,0,70,20,20,60, , , , , , , , ,1017,140,50, , , , , , , , , , , , , , , , , , , , , , , , , , , , , , , , , , , , , , , , , , , , , , , , , , , , , , , , , , , , , , , , , , , , , , , , , , , , , , , , , , , , , , , , , , , , , , , , , , , , , , , , , , , , , , , , , , , , , , , , , ,55, , , , ,12,45, , ,45,5,275
2026261N32326,2026,71,NA,NA,FAY,2026-09-24 21:00:00,TS,29.9,-41.6, , , ,PROVISIONAL,2110,2098,P______________, ,AL062026,30.1,-41.3, ,TS,45,1005,0,70,20,20,60, , , , , , , , ,1018,135,50, , , , , , , , , , , , , , , , , , , , , , , , , , , , , , , , , , , , , , , , , , , , , , , , , , , , , , , , , , , , , , , , , , , , , , , , , , , , , , , , , , , , , , , , , , , , , , , , , , , , , , , , , , , , , , , , , , , , , , , , , , , , , , ,12,53, , ,53,5,275
2026261N32326,2026,71,NA,NA,FAY,2026-09-25 00:00:00,TS,29.9,-41.9, , , ,PROVISIONAL,2098,2086,O______________,nhc_working_bt,AL062026,30.1,-41.5, ,TS,45,1005,0,70,20,20,60, , , , , , , , ,1018,130,50, , , , , , , , , , , , , , , , , , , , , , , , , , , , , , , , , , , , , , , , , , , , , , , , , , , , , , , , , , , , , , , , , , , , , , , , , , , , , , , , , , , , , , , , , , , , , , , , , , , , , , , , , , , , , , , , , , , , , , , , , ,55, , , , ,12,60, , ,60,5,270
2026261N32326,2026,71,NA,NA,FAY,2026-09-25 03:00:00,TS,29.9,-42.2, , , ,PROVISIONAL,2086,2079,P______________, ,AL062026,30.1,-41.7, ,TS,45,1005,0,70,20,20,60, , , , , , , , ,1018,130,50, , , , , , , , , , , , , , , , , , , , , , , , , , , , , , , , , , , , , , , , , , , , , , , , , , , , , , , , , , , , , , , , , , , , , , , , , , , , , , , , , , , , , , , , , , , , , , , , , , , , , , , , , , , , , , , , , , , , , , , , , , , , , , ,12,60, , ,60,4,270
2026261N32326,2026,71,NA,NA,FAY,2026-09-25 06:00:00,TS,29.9,-42.4, , , ,PROVISIONAL,2079,2068,O______________,nhc_working_bt,AL062026,30.1,-41.9, ,TS,45,1004,0,70,20,20,60, , , , , , , , ,1018,130,50, , , , , , , , , , , , , , , , , , , , , , , , , , , , , , , , , , , , , , , , , , , , , , , , , , , , , , , , , , , , , , , , , , , , , , , , , , , , , , , , , , , , , , , , , , , , , , , , , , , , , , , , , , , , , , , , , , , , , , , , , ,55, , , , ,12,60,30,30,60,2,315
2026261N32326,2026,71,NA,NA,FAY,2026-09-25 09:00:00,TS,30.0,-42.3, , , ,PROVISIONAL,2072,2062,P______________, ,AL062026,30.1,-42.1, ,TS,48,1003,0,70,20,20,60, , , , , , , , ,1018,130,35, , , , , , , , , , , , , , , , , , , , , , , , , , , , , , , , , , , , , , , , , , , , , , , , , , , , , , , , , , , , , , , , , , , , , , , , , , , , , , , , , , , , , , , , , , , , , , , , , , , , , , , , , , , , , , , , , , , , , , , , , , , , , , ,12,60, ,30,60,2,15
2026261N32326,2026,71,NA,NA,FAY,2026-09-25 12:00:00,TS,30.1,-42.3, , , ,PROVISIONAL,2062,2058,O______________,nhc_working_bt,AL062026,30.1,-42.3, ,TS,50,1002,0,70,20,20,60,20,0,0,20, , , , ,1018,130,20, , , , , , , , , , , , , , , , , , , , , , , , , , , , , , , , , , , , , , , , , , , , , , , , , , , , , , , , , , , , , , , , , , , , , , , , , , , , , , , , , , , , , , , , , , , , , , , , , , , , , , , , , , , , , , , , , , , , , , , , , ,60, , , , ,12,60, ,30,60,2,245
2026261N32326,2026,71,NA,NA,FAY,2026-09-25 15:00:00,TS,30.0,-42.5, , , ,PROVISIONAL,2065,2065,P______________, ,AL062026,29.9,-42.6, ,TS,48,1003,0,70,20,20,60, , , , , , , , ,1018,125,20, , , , , , , , , , , , , , , , , , , , , , , , , , , , , , , , , , , , , , , , , , , , , , , , , , , , , , , , , , , , , , , , , , , , , , , , , , , , , , , , , , , , , , , , , , , , , , , , , , , , , , , , , , , , , , , , , , , , , , , , , , , , , , ,12,60, ,30,60,5,235
2026261N32326,2026,71,NA,NA,FAY,2026-09-25 18:00:00,TS,29.8,-42.8, , , ,PROVISIONAL,2074,2060,O______________,nhc_working_bt,AL062026,29.8,-42.8, ,TS,45,1004,0,70,20,20,60, , , , , , , , ,1017,120,20, , , , , , , , , , , , , , , , , , , , , , , , , , , , , , , , , , , , , , , , , , , , , , , , , , , , , , , , , , , , , , , , , , , , , , , , , , , , , , , , , , , , , , , , , , , , , , , , , , , , , , , , , , , , , , , , , , , , , , , , , ,55, , , , ,12,60,30,30,60,4,260
2026261N32326,2026,71,NA,NA,FAY,2026-09-25 21:00:00,TS,29.9,-43.0, , , ,PROVISIONAL,2056,2042,P______________, ,AL062026,29.9,-43.0, ,TS,40,1005,0,50,20,10,45, , , , , , , , ,1018,110,25, , , , , , , , , , , , , , , , , , , , , , , , , , , , , , , , , , , , , , , , , , , , , , , , , , , , , , , , , , , , , , , , , , , , , , , , , , , , , , , , , , , , , , , , , , , , , , , , , , , , , , , , , , , , , , , , , , , , , , , , , , , , , , ,12,60,30,30,60,3,305
2026261N32326,2026,71,NA,NA,FAY,2026-09-26 00:00:00,TS,30.0,-43.1, , , ,PROVISIONAL,2042,2035,O______________,nhc_working_bt,AL062026,30.0,-43.1, ,TS,35,1006,0,30,20,0,30, , , , , , , , ,1018,100,30, , , , , , , , , , , , , , , , , , , , , , , , , , , , , , , , , , , , , , , , , , , , , , , , , , , , , , , , , , , , , , , , , , , , , , , , , , , , , , , , , , , , , , , , , , , , , , , , , , , , , , , , , , , , , , , , , , , , , , , , , ,45, , , , ,12,60,30,30,60,3,285
2026261N32326,2026,71,NA,NA,FAY,2026-09-26 03:00:00,TS,30.0,-43.3, , , ,PROVISIONAL,2035,2035,P______________, ,AL062026,30.0,-43.3, ,TS,33,1008,-1, , , , , , , , , , , , ,1018,90,30, , , , , , , , , , , , , , , , , , , , , , , , , , , , , , , , , , , , , , , , , , , , , , , , , , , , , , , , , , , , , , , , , , , , , , , , , , , , , , , , , , , , , , , , , , , , , , , , , , , , , , , , , , , , , , , , , , , , , , , , , , , , , , ,12,60,30,30,60,4,250
2026261N32326,2026,71,NA,NA,FAY,2026-09-26 06:00:00,TS,29.9,-43.5, , , ,PROVISIONAL,2038,2038,O______________,nhc_working_bt,AL062026,30.0,-43.5, ,TD,30,1009,-1, , , , , , , , , , , , ,1017,80,30, , , , , , , , , , , , , , , , , , , , , , , , , , , , , , , , , , , , , , , , , , , , , , , , , , , , , , , , , , , , , , , , , , , , , , , , , , , , , , , , , , , , , , , , , , , , , , , , , , , , , , , , , , , , , , , , , , , , , , , , , ,40, , , , ,12,60,30,30,60,4,240
2026261N32326,2026,71,NA,NA,FAY,2026-09-26 09:00:00,TS,29.8,-43.7, , , ,PROVISIONAL,2041,2041,P______________, ,AL062026,30.0,-43.6, ,TD,30,1009,-1, , , , , , , , , , , , ,1017,80,30, , , , , , , , , , , , , , , , , , , , , , , , , , , , , , , , , , , , , , , , , , , , , , , , , , , , , , , , , , , , , , , , , , , , , , , , , , , , , , , , , , , , , , , , , , , , , , , , , , , , , , , , , , , , , , , , , , , , , , , , , , , , , , ,12,45, ,30,45,3,245
2026261N32326,2026,71,NA,NA,FAY,2026-09-26 12:00:00,TS,29.7,-43.8, , , ,PROVISIONAL,2048,2035,O______________,nhc_working_bt,AL062026,30.0,-43.7, ,TD,30,1009,-1, , , , , , , , , , , , ,1017,80,30, , , , , , , , , , , , , , , , , , , , , , , , , , , , , , , , , , , , , , , , , , , , , , , , , , , , , , , , , , , , , , , , , , , , , , , , , , , , , , , , , , , , , , , , , , , , , , , , , , , , , , , , , , , , , , , , , , , , , , , , , ,40, , , , ,12,30, ,30,30,2,280
2026261N32326,2026,71,NA,NA,FAY,2026-09-26 15:00:00,TS,29.8,-43.9, , , ,PROVISIONAL,2035,2024,P______________, ,AL062026,30.0,-43.8, ,TD,30,1009,-1, , , , , , , , , , , , ,1017,80,30, , , , , , , , , , , , , , , , , , , , , , , , , , , , , , , , , , , , , , , , , , , , , , , , , , , , , , , , , , , , , , , , , , , , , , , , , , , , , , , , , , , , , , , , , , , , , , , , , , , , , , , , , , , , , , , , , , , , , , , , , , , , , , , , , , , ,2,340
2026261N32326,2026,71,NA,NA,FAY,2026-09-26 18:00:00,TS,29.9,-43.9, , , ,PROVISIONAL,2024,2024,O______________,nhc_working_bt,AL062026,29.9,-43.9, ,TD,30,1009,-1, , , , , , , , , , , , ,1017,80,30, , , , , , , , , , , , , , , , , , , , , , , , , , , , , , , , , , , , , , , , , , , , , , , , , , , , , , , , , , , , , , , , , , , , , , , , , , , , , , , , , , , , , , , , , , , , , , , , , , , , , , , , , , , , , , , , , , , , , , , , , ,40, , , , , , , , , ,1,345
2026261N32326,2026,71,NA,NA,FAY,2026-09-26 21:00:00,TS,29.9,-43.9, , , ,PROVISIONAL,2024,2024,P______________, ,AL062026,29.8,-43.9, ,TD,30,1010,-1, , , , , , , , , , , , ,1018,90,30, , , , , , , , , , , , , , , , , , , , , , , , , , , , , , , , , , , , , , , , , , , , , , , , , , , , , , , , , , , , , , , , , , , , , , , , , , , , , , , , , , , , , , , , , , , , , , , , , , , , , , , , , , , , , , , , , , , , , , , , , , , , , , , , , , , ,1,0
2026261N32326,2026,71,NA,NA,FAY,2026-09-27 00:00:00,TS,29.8,-43.9, , , ,PROVISIONAL,2035,2035,O______________,nhc_working_bt,AL062026,29.8,-43.9, ,TD,30,1010,-1, , , , , , , , , , , , ,1019,100,30, , , , , , , , , , , , , , , , , , , , , , , , , , , , , , , , , , , , , , , , , , , , , , , , , , , , , , , , , , , , , , , , , , , , , , , , , , , , , , , , , , , , , , , , , , , , , , , , , , , , , , , , , , , , , , , , , , , , , , , , , ,40, , , , , , , , , ,2,0
2026261N32326,2026,71,NA,NA,FAY,2026-09-27 03:00:00,TS,29.7,-43.9, , , ,PROVISIONAL,2045,2045,P______________, ,AL062026,29.8,-43.9, ,TD,30,1010,-1, , , , , , , , , , , , ,1019,100,30, , , , , , , , , , , , , , , , , , , , , , , , , , , , , , , , , , , , , , , , , , , , , , , , , , , , , , , , , , , , , , , , , , , , , , , , , , , , , , , , , , , , , , , , , , , , , , , , , , , , , , , , , , , , , , , , , , , , , , , , , , , , , , , , , , , ,2,175
2026261N32326,2026,71,NA,NA,FAY,2026-09-27 06:00:00,TS,29.6,-43.9, , , ,PROVISIONAL,2056,2056,O______________,nhc_working_bt,AL062026,29.7,-43.9, ,TD,30,1010,-1, , , , , , , , , , , , ,1018,100,30, , , , , , , , , , , , , , , , , , , , , , , , , , , , , , , , , , , , , , , , , , , , , , , , , , , , , , , , , , , , , , , , , , , , , , , , , , , , , , , , , , , , , , , , , , , , , , , , , , , , , , , , , , , , , , , , , , , , , , , , , ,40, , , , , , , , , ,1,170
2026261N32326,2026,71,NA,NA,FAY,2026-09-27 09:00:00,TS,29.5,-43.9, , , ,PROVISIONAL,2066,2066,P______________, ,AL062026,29.6,-43.9, ,TD,30,1010,-1, , , , , , , , , , , , ,1018,100,30, , , , , , , , , , , , , , , , , , , , , , , , , , , , , , , , , , , , , , , , , , , , , , , , , , , , , , , , , , , , , , , , , , , , , , , , , , , , , , , , , , , , , , , , , , , , , , , , , , , , , , , , , , , , , , , , , , , , , , , , , , , , , , , , , , , ,1,165
2026261N32326,2026,71,NA,NA,FAY,2026-09-27 12:00:00,TS,29.5,-43.9, , , ,PROVISIONAL,2066,2066,O______________,nhc_working_bt,AL062026,29.5,-43.9, ,TD,30,1010,-1, , , , , , , , , , , , ,1018,100,30, , , , , , , , , , , , , , , , , , , , , , , , , , , , , , , , , , , , , , , , , , , , , , , , , , , , , , , , , , , , , , , , , , , , , , , , , , , , , , , , , , , , , , , , , , , , , , , , , , , , , , , , , , , , , , , , , , , , , , , , , ,40, , , , , , , , , ,2,0
2026261N32326,2026,71,NA,NA,FAY,2026-09-27 15:00:00,TS,29.3,-43.9, , , ,PROVISIONAL,2087,2087,P______________, ,AL062026,29.3,-43.9, ,TD,30,1011,-1, , , , , , , , , , , , ,1018,100,30, , , , , , , , , , , , , , , , , , , , , , , , , , , , , , , , , , , , , , , , , , , , , , , , , , , , , , , , , , , , , , , , , , , , , , , , , , , , , , , , , , , , , , , , , , , , , , , , , , , , , , , , , , , , , , , , , , , , , , , , , , , , , , , , , , , ,4,0
2026261N32326,2026,71,NA,NA,FAY,2026-09-27 18:00:00,TS,29.1,-43.9, , , ,PROVISIONAL,2108,2108,O______________,nhc_working_bt,AL062026,29.1,-43.9, ,TD,30,1011,-1, , , , , , , , , , , , ,1018,100,30, , , , , , , , , , , , , , , , , , , , , , , , , , , , , , , , , , , , , , , , , , , , , , , , , , , , , , , , , , , , , , , , , , , , , , , , , , , , , , , , , , , , , , , , , , , , , , , , , , , , , , , , , , , , , , , , , , , , , , , , , ,40, , , , , , , , , ,4,165
2026261N32326,2026,71,NA,NA,FAY,2026-09-27 21:00:00,TS,28.9,-43.8, , , ,PROVISIONAL,2132,2132,P______________, ,AL062026,28.9,-43.8, ,TD,28,1012,-1, , , , , , , , , , , , ,1018,100,30, , , , , , , , , , , , , , , , , , , , , , , , , , , , , , , , , , , , , , , , , , , , , , , , , , , , , , , , , , , , , , , , , , , , , , , , , , , , , , , , , , , , , , , , , , , , , , , , , , , , , , , , , , , , , , , , , , , , , , , , , , , , , , , , , , , ,4,155
2026261N32326,2026,71,NA,NA,FAY,2026-09-28 00:00:00,TS,28.7,-43.7, , , ,PROVISIONAL,2157,2157,O______________,nhc_working_bt,AL062026,28.7,-43.7, ,TD,25,1012,-1, , , , , , , , , , , , ,1018,100,30, , , , , , , , , , , , , , , , , , , , , , , , , , , , , , , , , , , , , , , , , , , , , , , , , , , , , , , , , , , , , , , , , , , , , , , , , , , , , , , , , , , , , , , , , , , , , , , , , , , , , , , , , , , , , , , , , , , , , , , , , ,35, , , , , , , , , ,4,170
2026261N32326,2026,71,NA,NA,FAY,2026-09-28 03:00:00,TS,28.5,-43.7, , , ,PROVISIONAL,2178,2178,P______________, ,AL062026,28.4,-43.8, ,TD,28,1012,-1, , , , , , , , , , , , ,1018,100,30, , , , , , , , , , , , , , , , , , , , , , , , , , , , , , , , , , , , , , , , , , , , , , , , , , , , , , , , , , , , , , , , , , , , , , , , , , , , , , , , , , , , , , , , , , , , , , , , , , , , , , , , , , , , , , , , , , , , , , , , , , , , , , , , , , , ,5,195
2026261N32326,2026,71,NA,NA,FAY,2026-09-28 06:00:00,TS,28.2,-43.8, , , ,PROVISIONAL,2206,2203,O______________,nhc_working_bt,AL062026,28.1,-43.9, ,TD,30,1012,-1, , , , , , , , , , , , ,1017,100,30, , , , , , , , , , , , , , , , , , , , , , , , , , , , , , , , , , , , , , , , , , , , , , , , , , , , , , , , , , , , , , , , , , , , , , , , , , , , , , , , , , , , , , , , , , , , , , , , , , , , , , , , , , , , , , , , , , , , , , , , , ,40, , , , , , , , , ,7,200
2026261N32326,2026,71,NA,NA,FAY,2026-09-28 09:00:00,TS,27.8,-44.0, , , ,PROVISIONAL,2242,2239,P______________, ,AL062026,27.7,-44.1, ,TD,30,1012,-1, , , , , , , , , , , , ,1017,100,35, , , , , , , , , , , , , , , , , , , , , , , , , , , , , , , , , , , , , , , , , , , , , , , , , , , , , , , , , , , , , , , , , , , , , , , , , , , , , , , , , , , , , , , , , , , , , , , , , , , , , , , , , , , , , , , , , , , , , , , , , , , , , , , , , , , ,9,205
2026261N32326,2026,71,NA,NA,FAY,2026-09-28 12:00:00,TS,27.4,-44.3, , , ,PROVISIONAL,2275,2275,O______________,nhc_working_bt,AL062026,27.4,-44.3, ,TD,30,1011,-1, , , , , , , , , , , , ,1017,100,40, , , , , , , , , , , , , , , , , , , , , , , , , , , , , , , , , , , , , , , , , , , , , , , , , , , , , , , , , , , , , , , , , , , , , , , , , , , , , , , , , , , , , , , , , , , , , , , , , , , , , , , , , , , , , , , , , , , , , , , , , ,40, , , , , , , , , ,8,215
2026261N32326,2026,71,NA,NA,FAY,2026-09-28 15:00:00,TS,27.1,-44.6, , , ,PROVISIONAL,2298,2295,P______________, ,AL062026,27.1,-44.6, ,TD,30,1011,-1, , , , , , , , , , , , ,1017,100,40, , , , , , , , , , , , , , , , , , , , , , , , , , , , , , , , , , , , , , , , , , , , , , , , , , , , , , , , , , , , , , , , , , , , , , , , , , , , , , , , , , , , , , , , , , , , , , , , , , , , , , , , , , , , , , , , , , , , , , , , , , , , , , , , , , , ,7,225
2026261N32326,2026,71,NA,NA,FAY,2026-09-28 18:00:00,TS,26.9,-44.9, , , ,PROVISIONAL,2311,2282,O______________,nhc_working_bt,AL062026,26.9,-44.9, ,TD,30,1011,-1, , , , , , , , , , , , ,1017,100,40, , , , , , , , , , , , , , , , , , , , , , , , , , , , , , , , , , , , , , , , , , , , , , , , , , , , , , , , , , , , , , , , , , , , , , , , , , , , , , , , , , , , , , , , , , , , , , , , , , , , , , , , , , , , , , , , , , , , , , , , , ,40, , , , , , , , , ,8,225
2026261N32326,2026,71,NA,NA,FAY,2026-09-28 21:00:00,TS,26.6,-45.2, , , ,PROVISIONAL,2282,2243,P______________, ,AL062026,26.6,-45.2, ,TD,33,1010,-1, , , , , , , , , , , , ,1017,100,35, , , , , , , , , , , , , , , , , , , , , , , , , , , , , , , , , , , , , , , , , , , , , , , , , , , , , , , , , , , , , , , , , , , , , , , , , , , , , , , , , , , , , , , , , , , , , , , , , , , , , , , , , , , , , , , , , , , , , , , , , , , , , , , , , , , ,8,220
2026261N32326,2026,71,NA,NA,FAY,2026-09-29 00:00:00,TS,26.3,-45.5, , , ,PROVISIONAL,2243, ,O______________,nhc_working_bt,AL062026,26.3,-45.5, ,TS,35,1008,0,30,0,0,0, , , , , , , , ,1017,100,30, , , , , , , , , , , , , , , , , , , , , , , , , , , , , , , , , , , , , , , , , , , , , , , , , , , , , , , , , , , , , , , , , , , , , , , , , , , , , , , , , , , , , , , , , , , , , , , , , , , , , , , , , , , , , , , , , , , , , , , , , ,45, , , , , , , , , ,8,220
2026266N08347,2026,72,NA,NA,GONZALO,2026-09-22 18:00:00,DS,8.0,-13.5, , , ,PROVISIONAL,39,39,O______________,nhc_working_bt,AL072026,8.0,-13.5, ,DB,15, ,-3, , , , , , , , , , , , , , , , , , , , , , , , , , , , , , , , , , , , , , , , , , , , , , , , , , , , , , , , , , , , , , , , , , , , , , , , , , , , , , , , , , , , , , , , , , , , , , , , , , , , , , , , , , , , , , , , , , , , , , , , , , , , , , , , , , , , , , , , , , , , , , , , , , ,3,255
2026266N08347,2026,72,NA,NA,GONZALO,2026-09-22 21:00:00,DS,8.0,-13.6, , , ,PROVISIONAL,49,49,P______________, ,AL072026,8.0,-13.6, ,DB,15, ,-3, , , , , , , , , , , , , , , , , , , , , , , , , , , , , , , , , , , , , , , , , , , , , , , , , , , , , , , , , , , , , , , , , , , , , , , , , , , , , , , , , , , , , , , , , , , , , , , , , , , , , , , , , , , , , , , , , , , , , , , , , , , , , , , , , , , , , , , , , , , , , , , , , , ,5,270
2026266N08347,2026,72,NA,NA,GONZALO,2026-09-23 00:00:00,DS,8.0,-14.0, , , ,PROVISIONAL,89,89,O______________,nhc_working_bt,AL072026,8.0,-14.0, ,DB,15, ,-3, , , , , , , , , , , , , , , , , , , , , , , , , , , , , , , , , , , , , , , , , , , , , , , , , , , , , , , , , , , , , , , , , , , , , , , , , , , , , , , , , , , , , , , , , , , , , , , , , , , , , , , , , , , , , , , , , , , , , , , , , , , , , , , , , , , , , , , , , , , , , , , , , , ,11,280
2026266N08347,2026,72,NA,NA,GONZALO,2026-09-23 03:00:00,DS,8.2,-14.7, , , ,PROVISIONAL,155,155,P______________, ,AL072026,8.2,-14.7, ,DB,15, ,-3, , , , , , , , , , , , , , , , , , , , , , , , , , , , , , , , , , , , , , , , , , , , , , , , , , , , , , , , , , , , , , , , , , , , , , , , , , , , , , , , , , , , , , , , , , , , , , , , , , , , , , , , , , , , , , , , , , , , , , , , , , , , , , , , , , , , , , , , , , , , , , , , , , ,16,290
2026266N08347,2026,72,NA,NA,GONZALO,2026-09-23 06:00:00,DS,8.5,-15.5, , , ,PROVISIONAL,219,216,O______________,nhc_working_bt,AL072026,8.5,-15.5, ,DB,15, ,-3, , , , , , , , , , , , , , , , , , , , , , , , , , , , , , , , , , , , , , , , , , , , , , , , , , , , , , , , , , , , , , , , , , , , , , , , , , , , , , , , , , , , , , , , , , , , , , , , , , , , , , , , , , , , , , , , , , , , , , , , , , , , , , , , , , , , , , , , , , , , , , , , , , ,15,300
2026266N08347,2026,72,NA,NA,GONZALO,2026-09-23 09:00:00,DS,8.9,-16.1, , , ,PROVISIONAL,228,221,P______________, ,AL072026,8.9,-16.1, ,DB,20, ,-3, , , , , , , , , , , , , , , , , , , , , , , , , , , , , , , , , , , , , , , , , , , , , , , , , , , , , , , , , , , , , , , , , , , , , , , , , , , , , , , , , , , , , , , , , , , , , , , , , , , , , , , , , , , , , , , , , , , , , , , , , , , , , , , , , , , , , , , , , , , , , , , , , , ,13,310
2026266N08347,2026,72,NA,NA,GONZALO,2026-09-23 12:00:00,DS,9.3,-16.5, , , ,PROVISIONAL,235,227,O______________,nhc_working_bt,AL072026,9.3,-16.5, ,DB,25,1009,-3, , , , , , , , , , , , ,1011,120,100, , , , , , , , , , , , , , , , , , , , , , , , , , , , , , , , , , , , , , , , , , , , , , , , , , , , , , , , , , , , , , , , , , , , , , , , , , , , , , , , , , , , , , , , , , , , , , , , , , , , , , , , , , , , , , , , , , , , , , , , , , , , , , , , , , , ,10,315
2026266N08347,2026,72,NA,NA,GONZALO,2026-09-23 15:00:00,DS,9.6,-16.8, , , ,PROVISIONAL,235,225,P______________, ,AL072026,9.6,-16.8, ,DB,25,1009,-3, , , , , , , , , , , , ,1011,120,95, , , , , , , , , , , , , , , , , , , , , , , , , , , , , , , , , , , , , , , , , , , , , , , , , , , , , , , , , , , , , , , , , , , , , , , , , , , , , , , , , , , , , , , , , , , , , , , , , , , , , , , , , , , , , , , , , , , , , , , , , , , , , , , , , , , ,10,315
2026266N08347,2026,72,NA,NA,GONZALO,2026-09-23 18:00:00,DS,10.0,-17.2, , , ,PROVISIONAL,231,227,O______________,nhc_working_bt,AL072026,10.0,-17.2, ,DB,25,1008,-3, , , , , , , , , , , , ,1010,120,90, , , , , , , , , , , , , , , , , , , , , , , , , , , , , , , , , , , , , , , , , , , , , , , , , , , , , , , , , , , , , , , , , , , , , , , , , , , , , , , , , , , , , , , , , , , , , , , , , , , , , , , , , , , , , , , , , , , , , , , , , , , , , , , , , , , ,15,305
2026266N08347,2026,72,NA,NA,GONZALO,2026-09-23 21:00:00,DS,10.5,-18.1, , , ,PROVISIONAL,255,250,P______________, ,AL072026,10.5,-18.1, ,DB,25,1008,-3, , , , , , , , , , , , ,1010,125,100, , , , , , , , , , , , , , , , , , , , , , , , , , , , , , , , , , , , , , , , , , , , , , , , , , , , , , , , , , , , , , , , , , , , , , , , , , , , , , , , , , , , , , , , , , , , , , , , , , , , , , , , , , , , , , , , , , , , , , , , , , , , , , , , , , , ,20,300
2026266N08347,2026,72,NA,NA,GONZALO,2026-09-24 00:00:00,DS,11.0,-19.0, , , ,PROVISIONAL,286,286,O______________,nhc_working_bt,AL072026,11.0,-19.0, ,DB,25,1008,-3, , , , , , , , , , , , ,1010,130,110, , , , , , , , , , , , , , , , , , , , , , , , , , , , , , , , , , , , , , , , , , , , , , , , , , , , , , , , , , , , , , , , , , , , , , , , , , , , , , , , , , , , , , , , , , , , , , , , , , , , , , , , , , , , , , , , , , , , , , , , , , , , , , , , , , , ,18,295
2026266N08347,2026,72,NA,NA,GONZALO,2026-09-24 03:00:00,DS,11.3,-19.7, , , ,PROVISIONAL,338,338,P______________, ,AL072026,11.3,-19.7, ,DB,25,1008,-3, , , , , , , , , , , , ,1011,140,110, , , , , , , , , , , , , , , , , , , , , , , , , , , , , , , , , , , , , , , , , , , , , , , , , , , , , , , , , , , , , , , , , , , , , , , , , , , , , , , , , , , , , , , , , , , , , , , , , , , , , , , , , , , , , , , , , , , , , , , , , , , , , , , , , , , ,13,295
2026266N08347,2026,72,NA,NA,GONZALO,2026-09-24 06:00:00,DS,11.5,-20.2, , , ,PROVISIONAL,383,383,O______________,nhc_working_bt,AL072026,11.5,-20.2, ,DB,25,1007,-3, , , , , , , , , , , , ,1011,150,110, , , , , , , , , , , , , , , , , , , , , , , , , , , , , , , , , , , , , , , , , , , , , , , , , , , , , , , , , , , , , , , , , , , , , , , , , , , , , , , , , , , , , , , , , , , , , , , , , , , , , , , , , , , , , , , , , , , , , , , , , , , , , , , , , , , ,9,295
2026266N08347,2026,72,NA,NA,GONZALO,2026-09-24 09:00:00,DS,11.7,-20.5, , , ,PROVISIONAL,410,410,P______________, ,AL072026,11.7,-20.5, ,DB,25,1007,-3, , , , , , , , , , , , ,1011,150,110, , , , , , , , , , , , , , , , , , , , , , , , , , , , , , , , , , , , , , , , , , , , , , , , , , , , , , , , , , , , , , , , , , , , , , , , , , , , , , , , , , , , , , , , , , , , , , , , , , , , , , , , , , , , , , , , , , , , , , , , , , , , , , , , , , , ,7,305
2026266N08347,2026,72,NA,NA,GONZALO,2026-09-24 12:00:00,DS,11.9,-20.8, , , ,PROVISIONAL,438,438,O______________,nhc_working_bt,AL072026,11.9,-20.8, ,DB,25,1007,-3, , , , , , , , , , , , ,1011,150,110, , , , , , , , , , , , , , , , , , , , , , , , , , , , , , , , , , , , , , , , , , , , , , , , , , , , , , , , , , , , , , , , , , , , , , , , , , , , , , , , , , , , , , , , , , , , , , , , , , , , , , , , , , , , , , , , , , , , , , , , , ,35, , , , , , , , , ,7,310
2026266N08347,2026,72,NA,NA,GONZALO,2026-09-24 15:00:00,DS,12.1,-21.1, , , ,PROVISIONAL,468,468,P______________, ,AL072026,12.1,-21.1, ,DB,28,1007,-3, , , , , , , , , , , , ,1011,165,105, , , , , , , , , , , , , , , , , , , , , , , , , , , , , , , , , , , , , , , , , , , , , , , , , , , , , , , , , , , , , , , , , , , , , , , , , , , , , , , , , , , , , , , , , , , , , , , , , , , , , , , , , , , , , , , , , , , , , , , , , , , , , , , , , , , ,8,310
2026266N08347,2026,72,NA,NA,GONZALO,2026-09-24 18:00:00,DS,12.4,-21.4, , , ,PROVISIONAL,494,494,O______________,nhc_working_bt,AL072026,12.4,-21.4, ,DB,30,1007,-3, , , , , , , , , , , , ,1011,180,100, , , , , , , , , , , , , , , , , , , , , , , , , , , , , , , , , , , , , , , , , , , , , , , , , , , , , , , , , , , , , , , , , , , , , , , , , , , , , , , , , , , , , , , , , , , , , , , , , , , , , , , , , , , , , , , , , , , , , , , , , , , , , , , , , , , ,8,310
2026266N08347,2026,72,NA,NA,GONZALO,2026-09-24 21:00:00,DS,12.6,-21.7, , , ,PROVISIONAL,511,511,P______________, ,AL072026,12.6,-21.7, ,DB,35,1006,-3,75, , , , , , , , , , , ,1012,190,85, , , , , , , , , , , , , , , , , , , , , , , , , , , , , , , , , , , , , , , , , , , , , , , , , , , , , , , , , , , , , , , , , , , , , , , , , , , , , , , , , , , , , , , , , , , , , , , , , , , , , , , , , , , , , , , , , , , , , , , , , , , , , , , , , , , ,8,310
2026266N08347,2026,72,NA,NA,GONZALO,2026-09-25 00:00:00,TS,12.9,-22.0, , , ,PROVISIONAL,526,521,O______________,nhc_working_bt,AL072026,12.9,-22.0, ,TS,40,1004,0,150,0,0,0, , , , , , , , ,1012,200,70, , , , , , , , , , , , , , , , , , , , , , , , , , , , , , , , , , , , , , , , , , , , , , , , , , , , , , , , , , , , , , , , , , , , , , , , , , , , , , , , , , , , , , , , , , , , , , , , , , , , , , , , , , , , , , , , , , , , , , , , , ,50, , , , , , , , , ,8,325
2026266N08347,2026,72,NA,NA,GONZALO,2026-09-25 03:00:00,TS,13.3,-22.2, , , ,PROVISIONAL,530,524,P______________, ,AL072026,13.3,-22.2, ,TS,40,1004,0,150,0,0,0, , , , , , , , ,1012,200,70, , , , , , , , , , , , , , , , , , , , , , , , , , , , , , , , , , , , , , , , , , , , , , , , , , , , , , , , , , , , , , , , , , , , , , , , , , , , , , , , , , , , , , , , , , , , , , , , , , , , , , , , , , , , , , , , , , , , , , , , , , , , , , , , , , , ,9,340
2026266N08347,2026,72,NA,NA,GONZALO,2026-09-25 06:00:00,TS,13.7,-22.3, , , ,PROVISIONAL,529,527,O______________,nhc_working_bt,AL072026,13.7,-22.3, ,TS,40,1004,0,150,0,0,0, , , , , , , , ,1012,200,70, , , , , , , , , , , , , , , , , , , , , , , , , , , , , , , , , , , , , , , , , , , , , , , , , , , , , , , , , , , , , , , , , , , , , , , , , , , , , , , , , , , , , , , , , , , , , , , , , , , , , , , , , , , , , , , , , , , , , , , , , ,50, , , , ,12,240, , , ,9,340
2026266N08347,2026,72,NA,NA,GONZALO,2026-09-25 09:00:00,TS,14.1,-22.5, , , ,PROVISIONAL,542,538,P______________, ,AL072026,14.1,-22.4, ,TS,43,1002,0,165,0,0,60, , , , , , , , ,1012,200,80, , , , , , , , , , , , , , , , , , , , , , , , , , , , , , , , , , , , , , , , , , , , , , , , , , , , , , , , , , , , , , , , , , , , , , , , , , , , , , , , , , , , , , , , , , , , , , , , , , , , , , , , , , , , , , , , , , , , , , , , , , , , , , ,12,180, , , ,9,345
2026266N08347,2026,72,NA,NA,GONZALO,2026-09-25 12:00:00,TS,14.6,-22.6, , , ,PROVISIONAL,549,548,O______________,nhc_working_bt,AL072026,14.6,-22.5, ,TS,45,1000,0,180,0,0,120, , , , , , , , ,1011,200,90, , , , , , , , , , , , , , , , , , , , , , , , , , , , , , , , , , , , , , , , , , , , , , , , , , , , , , , , , , , , , , , , , , , , , , , , , , , , , , , , , , , , , , , , , , , , , , , , , , , , , , , , , , , , , , , , , , , , , , , , , ,55, , , , ,12,120, , , ,10,350
2026266N08347,2026,72,NA,NA,GONZALO,2026-09-25 15:00:00,TS,15.2,-22.6, , , ,PROVISIONAL,550,550,P______________, ,AL072026,15.2,-22.6, ,TS,45,1000,0,180,20,0,120, , , , , , , , ,1011,210,90, , , , , , , , , , , , , , , , , , , , , , , , , , , , , , , , , , , , , , , , , , , , , , , , , , , , , , , , , , , , , , , , , , , , , , , , , , , , , , , , , , , , , , , , , , , , , , , , , , , , , , , , , , , , , , , , , , , , , , , , , , , , , , ,12,135, , , ,11,360
2026266N08347,2026,72,NA,NA,GONZALO,2026-09-25 18:00:00,TS,15.7,-22.6, , , ,PROVISIONAL,558,555,O______________,nhc_working_bt,AL072026,15.7,-22.6, ,TS,45,1000,0,180,40,0,120, , , , , , , , ,1011,220,90, , , , , , , , , , , , , , , , , , , , , , , , , , , , , , , , , , , , , , , , , , , , , , , , , , , , , , , , , , , , , , , , , , , , , , , , , , , , , , , , , , , , , , , , , , , , , , , , , , , , , , , , , , , , , , , , , , , , , , , , , ,55, , , , ,12,150,60, ,60,10,5
2026266N08347,2026,72,NA,NA,GONZALO,2026-09-25 21:00:00,TS,16.1,-22.5, , , ,PROVISIONAL,558,558,P______________, ,AL072026,16.1,-22.5, ,TS,43,1001,0,170,20,0,120, , , , , , , , ,1010,195,90, , , , , , , , , , , , , , , , , , , , , , , , , , , , , , , , , , , , , , , , , , , , , , , , , , , , , , , , , , , , , , , , , , , , , , , , , , , , , , , , , , , , , , , , , , , , , , , , , , , , , , , , , , , , , , , , , , , , , , , , , , , , , , ,12,165,75, ,105,8,5
2026266N08347,2026,72,NA,NA,GONZALO,2026-09-26 00:00:00,TS,16.5,-22.5, , , ,PROVISIONAL,572,572,O______________,nhc_working_bt,AL072026,16.5,-22.5, ,TS,40,1002,0,160,0,0,120, , , , , , , , ,1009,170,90, , , , , , , , , , , , , , , , , , , , , , , , , , , , , , , , , , , , , , , , , , , , , , , , , , , , , , , , , , , , , , , , , , , , , , , , , , , , , , , , , , , , , , , , , , , , , , , , , , , , , , , , , , , , , , , , , , , , , , , , , ,50, , , , ,12,180,90,45,150,7,345
2026266N08347,2026,72,NA,NA,GONZALO,2026-09-26 03:00:00,TS,16.8,-22.7, , , ,PROVISIONAL,604,604,P______________, ,AL072026,16.8,-22.7, ,TS,40,1002,0,160,0,0,120, , , , , , , , ,1010,170,90, , , , , , , , , , , , , , , , , , , , , , , , , , , , , , , , , , , , , , , , , , , , , , , , , , , , , , , , , , , , , , , , , , , , , , , , , , , , , , , , , , , , , , , , , , , , , , , , , , , , , , , , , , , , , , , , , , , , , , , , , , , , , , ,12,225,98,38,180,8,330
2026266N08347,2026,72,NA,NA,GONZALO,2026-09-26 06:00:00,TS,17.2,-22.9, , , ,PROVISIONAL,641,641,O______________,nhc_working_bt,AL072026,17.2,-22.9, ,TS,40,1002,0,160,0,0,120, , , , , , , , ,1011,170,90, , , , , , , , , , , , , , , , , , , , , , , , , , , , , , , , , , , , , , , , , , , , , , , , , , , , , , , , , , , , , , , , , , , , , , , , , , , , , , , , , , , , , , , , , , , , , , , , , , , , , , , , , , , , , , , , , , , , , , , , , ,50, , , , ,12,270,105,30,210,9,350
2026266N08347,2026,72,NA,NA,GONZALO,2026-09-26 09:00:00,TS,17.7,-22.9, , , ,PROVISIONAL,667,659,P______________, ,AL072026,17.7,-22.9, ,TS,38,1003,0,160,0,0,60, , , , , , , , ,1012,190,90, , , , , , , , , , , , , , , , , , , , , , , , , , , , , , , , , , , , , , , , , , , , , , , , , , , , , , , , , , , , , , , , , , , , , , , , , , , , , , , , , , , , , , , , , , , , , , , , , , , , , , , , , , , , , , , , , , , , , , , , , , , , , , ,12,210,128,45,180,11,5
2026266N08347,2026,72,NA,NA,GONZALO,2026-09-26 12:00:00,TS,18.3,-22.8, , , ,PROVISIONAL,659,650,O______________,nhc_working_bt,AL072026,18.3,-22.9, ,TS,35,1004,0,160,0,0,0, , , , , , , , ,1012,210,90, , , , , , , , , , , , , , , , , , , , , , , , , , , , , , , , , , , , , , , , , , , , , , , , , , , , , , , , , , , , , , , , , , , , , , , , , , , , , , , , , , , , , , , , , , , , , , , , , , , , , , , , , , , , , , , , , , , , , , , , , ,50, , , , ,12,150,150,60,150,10,355
2026266N08347,2026,72,NA,NA,GONZALO,2026-09-26 15:00:00,TS,18.7,-23.0, , , ,PROVISIONAL,660,656,P______________, ,AL072026,18.7,-23.0, ,TS,35,1005,0,160,0,0,0, , , , , , , , ,1012,210,100, , , , , , , , , , , , , , , , , , , , , , , , , , , , , , , , , , , , , , , , , , , , , , , , , , , , , , , , , , , , , , , , , , , , , , , , , , , , , , , , , , , , , , , , , , , , , , , , , , , , , , , , , , , , , , , , , , , , , , , , , , , , , , ,12,150,150,60,150,8,335
2026266N08347,2026,72,NA,NA,GONZALO,2026-09-26 18:00:00,TS,19.0,-23.2, , , ,PROVISIONAL,668, ,O______________,nhc_working_bt,AL072026,19.0,-23.2, ,TS,35,1005,0,160,0,0,0, , , , , , , , ,1012,210,110, , , , , , , , , , , , , , , , , , , , , , , , , , , , , , , , , , , , , , , , , , , , , , , , , , , , , , , , , , , , , , , , , , , , , , , , , , , , , , , , , , , , , , , , , , , , , , , , , , , , , , , , , , , , , , , , , , , , , , , , , ,45, , , , ,12,150,150,60,150,8,325
2026266N16138,2026,73,WP,MM,SURIGAE,2026-09-23 06:00:00,NR,16.0,138.4, , , ,PROVISIONAL,1455,1430,O______________,tcvitals,WP252026,16.0,138.4, , ,25,1005,-1, , , , , , , , , , , , ,1009,175,40, , , , , , , , , , , , , , , , , , , , , , , , , , , , , , , , , , , , , , , , , , , , , , , , , , , , , , , , , , , , , , , , , , , , , , , , , , , , , , , , , , , , , , , , , , , , , , , , , , , , , , , , , , , , , , , , , , , , , , , , , , , , , , , , , , , ,8,305
2026266N16138,2026,73,WP,MM,SURIGAE,2026-09-23 09:00:00,NR,16.2,138.0, , , ,PROVISIONAL,1420,1389,P______________, ,WP252026,16.2,138.0, , ,27,1005,-1, , , , , , , , , , , , ,1010,175,38, , , , , , , , , , , , , , , , , , , , , , , , , , , , , , , , , , , , , , , , , , , , , , , , , , , , , , , , , , , , , , , , , , , , , , , , , , , , , , , , , , , , , , , , , , , , , , , , , , , , , , , , , , , , , , , , , , , , , , , , , , , , , , , , , , , ,9,305
2026266N16138,2026,73,WP,MM,SURIGAE,2026-09-23 12:00:00,NR,16.5,137.6, , , ,PROVISIONAL,1389,1340,O______________,tcvitals,WP252026,16.5,137.6, , ,29,1005,-1, , , , , , , , , , , , ,1010,175,35, , , , , , , , , , , , , , , , , , , , , , , , , , , , , , , , , , , , , , , , , , , , , , , , , , , , , , , , , , , , , , , , , , , , , , , , , , , , , , , , , , , , , , , , , , , , , , , , , , , , , , , , , , , , , , , , , , , , , , , , , , , , , , , , , , , ,12,300
2026266N16138,2026,73,WP,MM,SURIGAE,2026-09-23 15:00:00,NR,16.8,137.0, , , ,PROVISIONAL,1340,1279,P______________, ,WP252026,16.8,137.0, , ,32,1005,-1, , , , , , , , , , , , ,1010,173,35, , , , , , , , , , , , , , , , , , , , , , , , , , , , , , , , , , , , , , , , , , , , , , , , , , , , , , , , , , , , , , , , , , , , , , , , , , , , , , , , , , , , , , , , , , , , , , , , , , , , , , , , , , , , , , , , , , , , , , , , , , , , , , , , , , , ,15,300
2026266N16138,2026,73,WP,MM,SURIGAE,2026-09-23 18:00:00,NR,17.2,136.2, , , ,PROVISIONAL,1279,1214,O______________,tcvitals,WP252026,17.2,136.2, , ,35,1005,0, , , , , , , , , , , , ,1010,170,35, , , , , , , , , , , , , , , , , , , , , , , , , , , , , , , , , , , , , , , , , , , , , , , , , , , , , , , , , , , , , , , , , , , , , , , , , , , , , , , , , , , , , , , , , , , , , , , , , , , , , , , , , , , , , , , , , , , , , , , , , , , , , , , , , , , ,19,300
2026266N16138,2026,73,WP,MM,SURIGAE,2026-09-23 21:00:00,NR,17.7,135.2, , , ,PROVISIONAL,1210,1158,P______________, ,WP252026,17.7,135.2, , ,35,1005,0, , , , , , , , , , , , ,1010,165,35, , , , , , , , , , , , , , , , , , , , , , , , , , , , , , , , , , , , , , , , , , , , , , , , , , , , , , , , , , , , , , , , , , , , , , , , , , , , , , , , , , , , , , , , , , , , , , , , , , , , , , , , , , , , , , , , , , , , , , , , , , , , , , , , , , , ,21,300
2026266N16138,2026,73,WP,MM,SURIGAE,2026-09-24 00:00:00,NR,18.2,134.3, , , ,PROVISIONAL,1158,1114,O______________,tcvitals,WP252026,18.2,134.3, , ,35,1004,0, , , , , , , , , , , , ,1009,160,35, , , , , , , , , , , , , , , , , , , , , , , , , , , , , , , , , , , , , , , , , , , , , , , , , , , , , , , , , , , , , , , , , , , , , , , , , , , , , , , , , , , , , , , , , , , , , , , , , , , , , , , , , , , , , , , , , , , , , , , , , , , , , , , , , , , ,18,300
2026266N16138,2026,73,WP,MM,SURIGAE,2026-09-24 03:00:00,NR,18.6,133.6, , , ,PROVISIONAL,1114,1083,P______________, ,WP252026,18.6,133.6, , ,40,1002,0, , , , , , , , , , , , ,1009,150,33, , , , , , , , , , , , , , , , , , , , , , , , , , , , , , , , , , , , , , , , , , , , , , , , , , , , , , , , , , , , , , , , , , , , , , , , , , , , , , , , , , , , , , , , , , , , , , , , , , , , , , , , , , , , , , , , , , , , , , , , , , , , , , , , , , , ,13,300
2026266N16138,2026,73,WP,MM,SURIGAE,2026-09-24 06:00:00,NR,18.9,133.1, , , ,PROVISIONAL,1083,1050,O______________,tcvitals,WP252026,18.9,133.1, , ,45,999,0, , , , , , , , , , , , ,1008,140,30, , , , , , , , , , , , , , , , , , , , , , , , , , , , , , , , , , , , , , , , , , , , , , , , , , , , , , , , , , , , , , , , , , , , , , , , , , , , , , , , , , , , , , , , , , , , , , , , , , , , , , , , , , , , , , , , , , , , , , , , , , , , , , , , , , , ,8,275
2026266N16138,2026,73,WP,MM,SURIGAE,2026-09-24 09:00:00,NR,18.7,132.8, , , ,PROVISIONAL,1045,1012,P______________, ,WP252026,18.7,132.8, , ,42,1000,0, , , , , , , , , , , , ,1009,145,30, , , , , , , , , , , , , , , , , , , , , , , , , , , , , , , , , , , , , , , , , , , , , , , , , , , , , , , , , , , , , , , , , , , , , , , , , , , , , , , , , , , , , , , , , , , , , , , , , , , , , , , , , , , , , , , , , , , , , , , , , , , , , , , , , , , ,6,240
2026266N16138,2026,73,WP,MM,SURIGAE,2026-09-24 12:00:00,NR,18.6,132.5, , , ,PROVISIONAL,1012,996,O______________,tcvitals,WP252026,18.6,132.5, , ,39,1001,0, , , , , , , , , , , , ,1010,150,30, , , , , , , , , , , , , , , , , , , , , , , , , , , , , , , , , , , , , , , , , , , , , , , , , , , , , , , , , , , , , , , , , , , , , , , , , , , , , , , , , , , , , , , , , , , , , , , , , , , , , , , , , , , , , , , , , , , , , , , , , , , , , , , , , , , ,6,280
2026266N16138,2026,73,WP,MM,SURIGAE,2026-09-24 15:00:00,NR,18.9,132.1, , , ,PROVISIONAL,993,984,P______________, ,WP252026,18.9,132.1, , ,37,1003,0, , , , , , , , , , , , ,1010,155,28, , , , , , , , , , , , , , , , , , , , , , , , , , , , , , , , , , , , , , , , , , , , , , , , , , , , , , , , , , , , , , , , , , , , , , , , , , , , , , , , , , , , , , , , , , , , , , , , , , , , , , , , , , , , , , , , , , , , , , , , , , , , , , , , , , , ,10,315
2026266N16138,2026,73,WP,MM,SURIGAE,2026-09-24 18:00:00,NR,19.3,131.7, , , ,PROVISIONAL,984,954,O______________,tcvitals,WP252026,19.3,131.7, , ,35,1004,0, , , , , , , , , , , , ,1010,160,25, , , , , , , , , , , , , , , , , , , , , , , , , , , , , , , , , , , , , , , , , , , , , , , , , , , , , , , , , , , , , , , , , , , , , , , , , , , , , , , , , , , , , , , , , , , , , , , , , , , , , , , , , , , , , , , , , , , , , , , , , , , , , , , , , , , ,11,310
2026266N16138,2026,73,WP,MM,SURIGAE,2026-09-24 21:00:00,NR,19.6,131.2, , , ,PROVISIONAL,945,898,P______________, ,WP252026,19.6,131.2, , ,37,1004,0, , , , , , , , , , , , ,1011,165,25, , , , , , , , , , , , , , , , , , , , , , , , , , , , , , , , , , , , , , , , , , , , , , , , , , , , , , , , , , , , , , , , , , , , , , , , , , , , , , , , , , , , , , , , , , , , , , , , , , , , , , , , , , , , , , , , , , , , , , , , , , , , , , , , , , , ,11,300
2026266N16138,2026,73,WP,MM,SURIGAE,2026-09-25 00:00:00,NR,19.9,130.7, , , ,PROVISIONAL,898,835,O______________,tcvitals,WP252026,19.9,130.7, , ,39,1003,0, , , , , , , , , , , , ,1011,170,25, , , , , , , , , , , , , , , , , , , , , , , , , , , , , , , , , , , , , , , , , , , , , , , , , , , , , , , , , , , , , , , , , , , , , , , , , , , , , , , , , , , , , , , , , , , , , , , , , , , , , , , , , , , , , , , , , , , , , , , , , , , , , , , , , , , ,14,300
2026266N16138,2026,73,WP,MM,SURIGAE,2026-09-25 03:00:00,NR,20.3,130.0, , , ,PROVISIONAL,835,777,P______________, ,WP252026,20.3,130.0, , ,42,1003,0, , , , , , , , , , , , ,1010,165,25, , , , , , , , , , , , , , , , , , , , , , , , , , , , , , , , , , , , , , , , , , , , , , , , , , , , , , , , , , , , , , , , , , , , , , , , , , , , , , , , , , , , , , , , , , , , , , , , , , , , , , , , , , , , , , , , , , , , , , , , , , , , , , , , , , , ,15,300
2026266N16138,2026,73,WP,MM,SURIGAE,2026-09-25 06:00:00,NR,20.7,129.3, , , ,PROVISIONAL,777,730,O______________,tcvitals,WP252026,20.7,129.3, , ,45,1003,0, , , , , , , , , , , , ,1008,160,25, , , , , , , , , , , , , , , , , , , , , , , , , , , , , , , , , , , , , , , , , , , , , , , , , , , , , , , , , , , , , , , , , , , , , , , , , , , , , , , , , , , , , , , , , , , , , , , , , , , , , , , , , , , , , , , , , , , , , , , , , , , , , , , , , , , ,15,300
2026266N16138,2026,73,WP,MM,SURIGAE,2026-09-25 09:00:00,NR,21.1,128.7, , , ,PROVISIONAL,734,702,P______________, ,WP252026,21.1,128.7, , ,48,1001,0, , , , , , , , , , , , ,1010,173,25, , , , , , , , , , , , , , , , , , , , , , , , , , , , , , , , , , , , , , , , , , , , , , , , , , , , , , , , , , , , , , , , , , , , , , , , , , , , , , , , , , , , , , , , , , , , , , , , , , , , , , , , , , , , , , , , , , , , , , , , , , , , , , , , , , , ,12,305
2026266N16138,2026,73,WP,MM,SURIGAE,2026-09-25 12:00:00,NR,21.4,128.2, , , ,PROVISIONAL,702,692,O______________,tcvitals,WP252026,21.4,128.2, , ,51,998,0, , , , , , , , , , , , ,1011,185,25, , , , , , , , , , , , , , , , , , , , , , , , , , , , , , , , , , , , , , , , , , , , , , , , , , , , , , , , , , , , , , , , , , , , , , , , , , , , , , , , , , , , , , , , , , , , , , , , , , , , , , , , , , , , , , , , , , , , , , , , , , , , , , , , , , , ,9,310
2026266N16138,2026,73,WP,MM,SURIGAE,2026-09-25 15:00:00,NR,21.7,128.0, , , ,PROVISIONAL,696,669,P______________, ,WP252026,21.7,128.0, , ,53,996,0, , , , , , , , , , , , ,1011,190,23, , , , , , , , , , , , , , , , , , , , , , , , , , , , , , , , , , , , , , , , , , , , , , , , , , , , , , , , , , , , , , , , , , , , , , , , , , , , , , , , , , , , , , , , , , , , , , , , , , , , , , , , , , , , , , , , , , , , , , , , , , , , , , , , , , , ,6,325
2026266N16138,2026,73,WP,MM,SURIGAE,2026-09-25 18:00:00,NR,21.9,127.8, , , ,PROVISIONAL,669,622,O______________,tcvitals,WP252026,21.9,127.8, , ,54,994,0,60,35,45,70, , , , , , , , ,1010,195,20, , , , , , , , , , , , , , , , , , , , , , , , , , , , , , , , , , , , , , , , , , , , , , , , , , , , , , , , , , , , , , , , , , , , , , , , , , , , , , , , , , , , , , , , , , , , , , , , , , , , , , , , , , , , , , , , , , , , , , , , , , , , , , , , , , , ,7,310
2026266N16138,2026,73,WP,MM,SURIGAE,2026-09-25 21:00:00,NR,22.2,127.4, , , ,PROVISIONAL,617,570,P______________, ,WP252026,22.2,127.4, , ,57,992,0,65,45,50,70, , , , , , , , ,1011,210,20, , , , , , , , , , , , , , , , , , , , , , , , , , , , , , , , , , , , , , , , , , , , , , , , , , , , , , , , , , , , , , , , , , , , , , , , , , , , , , , , , , , , , , , , , , , , , , , , , , , , , , , , , , , , , , , , , , , , , , , , , , , , , , , , , , , ,9,305
2026266N16138,2026,73,WP,MM,SURIGAE,2026-09-26 00:00:00,NR,22.4,127.0, , , ,PROVISIONAL,570,542,O______________,tcvitals,WP252026,22.4,127.0, , ,60,990,0,70,55,55,70, , , , , , , , ,1011,225,20, , , , , , , , , , , , , , , , , , , , , , , , , , , , , , , , , , , , , , , , , , , , , , , , , , , , , , , , , , , , , , , , , , , , , , , , , , , , , , , , , , , , , , , , , , , , , , , , , , , , , , , , , , , , , , , , , , , , , , , , , , , , , , , , , , , ,7,315
2026266N16138,2026,73,WP,MM,SURIGAE,2026-09-26 03:00:00,NR,22.7,126.8, , , ,PROVISIONAL,538,529,P______________, ,WP252026,22.7,126.8, , ,65,986,1,70,68,63,70, , , , , , , , ,1010,235,18, , , , , , , , , , , , , , , , , , , , , , , , , , , , , , , , , , , , , , , , , , , , , , , , , , , , , , , , , , , , , , , , , , , , , , , , , , , , , , , , , , , , , , , , , , , , , , , , , , , , , , , , , , , , , , , , , , , , , , , , , , , , , , , , , , , ,5,340
2026266N16138,2026,73,WP,MM,SURIGAE,2026-09-26 06:00:00,NR,22.9,126.8, , , ,PROVISIONAL,529,522,O______________,tcvitals,WP252026,22.9,126.8, , ,70,981,1,70,80,70,70, , , , , , , , ,1009,245,15, , , , , , , , , , , , , , , , , , , , , , , , , , , , , , , , , , , , , , , , , , , , , , , , , , , , , , , , , , , , , , , , , , , , , , , , , , , , , , , , , , , , , , , , , , , , , , , , , , , , , , , , , , , , , , , , , , , , , , , , , , , , , , , , , , , ,4,360
2026266N16138,2026,73,WP,MM,SURIGAE,2026-09-26 09:00:00,NR,23.1,126.8, , , ,PROVISIONAL,522,518,P______________, ,WP252026,23.1,126.8, , ,70,981,1,65,75,65,65, , , , , , , , ,1010,230,15, , , , , , , , , , , , , , , , , , , , , , , , , , , , , , , , , , , , , , , , , , , , , , , , , , , , , , , , , , , , , , , , , , , , , , , , , , , , , , , , , , , , , , , , , , , , , , , , , , , , , , , , , , , , , , , , , , , , , , , , , , , , , , , , , , , ,4,10
2026266N16138,2026,73,WP,MM,SURIGAE,2026-09-26 12:00:00,NR,23.3,126.9, , , ,PROVISIONAL,525,522,O______________,tcvitals,WP252026,23.3,126.9, , ,70,981,1,60,70,60,60, , , , , , , , ,1010,215,15, , , , , , , , , , , , , , , , , , , , , , , , , , , , , , , , , , , , , , , , , , , , , , , , , , , , , , , , , , , , , , , , , , , , , , , , , , , , , , , , , , , , , , , , , , , , , , , , , , , , , , , , , , , , , , , , , , , , , , , , , , , , , , , , , , , ,6,20
2026266N16138,2026,73,WP,MM,SURIGAE,2026-09-26 15:00:00,NR,23.6,127.0, , , ,PROVISIONAL,527,525,P______________, ,WP252026,23.6,127.0, , ,72,979,1,58,68,58,55, , , , , , , , ,1010,215,15, , , , , , , , , , , , , , , , , , , , , , , , , , , , , , , , , , , , , , , , , , , , , , , , , , , , , , , , , , , , , , , , , , , , , , , , , , , , , , , , , , , , , , , , , , , , , , , , , , , , , , , , , , , , , , , , , , , , , , , , , , , , , , , , , , , ,8,20
2026266N16138,2026,73,WP,MM,SURIGAE,2026-09-26 18:00:00,NR,24.0,127.2, , , ,PROVISIONAL,537,535,O______________,tcvitals,WP252026,24.0,127.2, , ,74,977,1,55,65,55,50, , , , , , , , ,1010,215,15, , , , , , , , , , , , , , , , , , , , , , , , , , , , , , , , , , , , , , , , , , , , , , , , , , , , , , , , , , , , , , , , , , , , , , , , , , , , , , , , , , , , , , , , , , , , , , , , , , , , , , , , , , , , , , , , , , , , , , , , , , , , , , , , , , , ,7,25
2026266N16138,2026,73,WP,MM,SURIGAE,2026-09-26 21:00:00,NR,24.3,127.4, , , ,PROVISIONAL,550,549,P______________, ,WP252026,24.3,127.4, , ,82,971,1,55,65,55,50, , , , , , , , ,1010,208,14, , , , , , , , , , , , , , , , , , , , , , , , , , , , , , , , , , , , , , , , , , , , , , , , , , , , , , , , , , , , , , , , , , , , , , , , , , , , , , , , , , , , , , , , , , , , , , , , , , , , , , , , , , , , , , , , , , , , , , , , , , , , , , , , , , , ,7,30
2026266N16138,2026,73,WP,MM,SURIGAE,2026-09-27 00:00:00,NR,24.6,127.6, , , ,PROVISIONAL,566,565,O______________,tcvitals,WP252026,24.6,127.6, , ,89,964,2,55,65,55,50, , , , , , , , ,1009,200,12, , , , , , , , , , , , , , , , , , , , , , , , , , , , , , , , , , , , , , , , , , , , , , , , , , , , , , , , , , , , , , , , , , , , , , , , , , , , , , , , , , , , , , , , , , , , , , , , , , , , , , , , , , , , , , , , , , , , , , , , , , , , , , , , , , , ,9,35
2026266N16138,2026,73,WP,MM,SURIGAE,2026-09-27 03:00:00,NR,25.0,127.9, , , ,PROVISIONAL,594,594,P______________, ,WP252026,25.0,127.9, , ,97,958,3,63,73,63,55, , , , , , , , ,1009,200,12, , , , , , , , , , , , , , , , , , , , , , , , , , , , , , , , , , , , , , , , , , , , , , , , , , , , , , , , , , , , , , , , , , , , , , , , , , , , , , , , , , , , , , , , , , , , , , , , , , , , , , , , , , , , , , , , , , , , , , , , , , , , , , , , , , , ,10,40
2026266N16138,2026,73,WP,MM,SURIGAE,2026-09-27 06:00:00,NR,25.4,128.3, , , ,PROVISIONAL,634,623,O______________,tcvitals,WP252026,25.4,128.3, , ,105,952,3,70,80,70,60, , , , , , , , ,1009,200,12, , , , , , , , , , , , , , , , , , , , , , , , , , , , , , , , , , , , , , , , , , , , , , , , , , , , , , , , , , , , , , , , , , , , , , , , , , , , , , , , , , , , , , , , , , , , , , , , , , , , , , , , , , , , , , , , , , , , , , , , , , , , , , , , , , , ,10,45
2026266N16138,2026,73,WP,MM,SURIGAE,2026-09-27 09:00:00,NR,25.7,128.7, , , ,PROVISIONAL,623,590,P______________, ,WP252026,25.7,128.7, , ,115,943,4,70,80,70,60, , , , , , , , ,1009,200,12, , , , , , , , , , , , , , , , , , , , , , , , , , , , , , , , , , , , , , , , , , , , , , , , , , , , , , , , , , , , , , , , , , , , , , , , , , , , , , , , , , , , , , , , , , , , , , , , , , , , , , , , , , , , , , , , , , , , , , , , , , , , , , , , , , , ,9,55
2026266N16138,2026,73,WP,MM,SURIGAE,2026-09-27 12:00:00,NR,25.9,129.1, , , ,PROVISIONAL,590,559,O______________,tcvitals,WP252026,25.9,129.1, , ,124,934,4,70,80,70,60, , , , , , , , ,1009,200,12, , , , , , , , , , , , , , , , , , , , , , , , , , , , , , , , , , , , , , , , , , , , , , , , , , , , , , , , , , , , , , , , , , , , , , , , , , , , , , , , , , , , , , , , , , , , , , , , , , , , , , , , , , , , , , , , , , , , , , , , , , , , , , , , , , , ,9,60
2026266N16138,2026,73,WP,MM,SURIGAE,2026-09-27 15:00:00,NR,26.1,129.5, , , ,PROVISIONAL,559,529,P______________, ,WP252026,26.1,129.5, , ,126,932,4,73,83,70,60, , , , , , , , ,1009,190,9, , , , , , , , , , , , , , , , , , , , , , , , , , , , , , , , , , , , , , , , , , , , , , , , , , , , , , , , , , , , , , , , , , , , , , , , , , , , , , , , , , , , , , , , , , , , , , , , , , , , , , , , , , , , , , , , , , , , , , , , , , , , , , , , , , , ,9,65
2026266N16138,2026,73,WP,MM,SURIGAE,2026-09-27 18:00:00,NR,26.3,130.0, , , ,PROVISIONAL,529,514,O______________,tcvitals,WP252026,26.3,130.0, , ,128,929,4,75,85,70,60, , , , , , , , ,1008,180,5, , , , , , , , , , , , , , , , , , , , , , , , , , , , , , , , , , , , , , , , , , , , , , , , , , , , , , , , , , , , , , , , , , , , , , , , , , , , , , , , , , , , , , , , , , , , , , , , , , , , , , , , , , , , , , , , , , , , , , , , , , , , , , , , , , , ,9,70
2026266N16138,2026,73,WP,MM,SURIGAE,2026-09-27 21:00:00,NR,26.4,130.5, , , ,PROVISIONAL,513,491,P______________, ,WP252026,26.4,130.5, , ,124,934,4,78,85,75,63, , , , , , , , ,1008,180,5, , , , , , , , , , , , , , , , , , , , , , , , , , , , , , , , , , , , , , , , , , , , , , , , , , , , , , , , , , , , , , , , , , , , , , , , , , , , , , , , , , , , , , , , , , , , , , , , , , , , , , , , , , , , , , , , , , , , , , , , , , , , , , , , , , , ,9,70
2026266N16138,2026,73,WP,MM,SURIGAE,2026-09-28 00:00:00,NR,26.6,130.9, , , ,PROVISIONAL,491,449,O______________,tcvitals,WP252026,26.6,130.9, , ,119,938,4,80,85,80,65, , , , , , , , ,1008,180,5, , , , , , , , , , , , , , , , , , , , , , , , , , , , , , , , , , , , , , , , , , , , , , , , , , , , , , , , , , , , , , , , , , , , , , , , , , , , , , , , , , , , , , , , , , , , , , , , , , , , , , , , , , , , , , , , , , , , , , , , , , , , , , , , , , , ,9,45
2026266N16138,2026,73,WP,MM,SURIGAE,2026-09-28 03:00:00,NR,27.1,131.2, , , ,PROVISIONAL,438,398,P______________, ,WP252026,27.1,131.2, , ,109,946,3,80,85,80,65, , , , , , , , ,1008,180,5, , , , , , , , , , , , , , , , , , , , , , , , , , , , , , , , , , , , , , , , , , , , , , , , , , , , , , , , , , , , , , , , , , , , , , , , , , , , , , , , , , , , , , , , , , , , , , , , , , , , , , , , , , , , , , , , , , , , , , , , , , , , , , , , , , , ,11,35
2026266N16138,2026,73,WP,MM,SURIGAE,2026-09-28 06:00:00,NR,27.5,131.6, , , ,PROVISIONAL,400,400,O______________,tcvitals,WP252026,27.5,131.6, , ,99,954,3,80,85,80,65, , , , , , , , ,1008,180,5, , , , , , , , , , , , , , , , , , , , , , , , , , , , , , , , , , , , , , , , , , , , , , , , , , , , , , , , , , , , , , , , , , , , , , , , , , , , , , , , , , , , , , , , , , , , , , , , , , , , , , , , , , , , , , , , , , , , , , , , , , , , , , , , , , , ,10,65
2026266N16138,2026,73,WP,MM,SURIGAE,2026-09-28 09:00:00,NR,27.5,132.2, , , ,PROVISIONAL,416,416,P______________, ,WP252026,27.5,132.2, , ,94,958,2,80,85,80,65, , , , , , , , ,1008,180,5, , , , , , , , , , , , , , , , , , , , , , , , , , , , , , , , , , , , , , , , , , , , , , , , , , , , , , , , , , , , , , , , , , , , , , , , , , , , , , , , , , , , , , , , , , , , , , , , , , , , , , , , , , , , , , , , , , , , , , , , , , , , , , , , , , , ,11,90
2026266N16138,2026,73,WP,MM,SURIGAE,2026-09-28 12:00:00,NR,27.5,132.8, , , ,PROVISIONAL,440,430,O______________,tcvitals,WP252026,27.5,132.8, , ,89,962,2,80,85,80,65, , , , , , , , ,1008,180,5, , , , , , , , , , , , , , , , , , , , , , , , , , , , , , , , , , , , , , , , , , , , , , , , , , , , , , , , , , , , , , , , , , , , , , , , , , , , , , , , , , , , , , , , , , , , , , , , , , , , , , , , , , , , , , , , , , , , , , , , , , , , , , , , , , , ,8,70
2026266N16138,2026,73,WP,MM,SURIGAE,2026-09-28 15:00:00,NR,27.8,133.0, , , ,PROVISIONAL,420,403,P______________, ,WP252026,27.8,133.0, , ,80,969,1,80,85,80,65, , , , , , , , ,1009,205,5, , , , , , , , , , , , , , , , , , , , , , , , , , , , , , , , , , , , , , , , , , , , , , , , , , , , , , , , , , , , , , , , , , , , , , , , , , , , , , , , , , , , , , , , , , , , , , , , , , , , , , , , , , , , , , , , , , , , , , , , , , , , , , , , , , , ,7,30
2026266N16138,2026,73,WP,MM,SURIGAE,2026-09-28 18:00:00,NR,28.1,133.2, , , ,PROVISIONAL,403,391,O______________,tcvitals,WP252026,28.1,133.2, , ,70,976,1,80,85,80,65, , , , , , , , ,1010,230,5, , , , , , , , , , , , , , , , , , , , , , , , , , , , , , , , , , , , , , , , , , , , , , , , , , , , , , , , , , , , , , , , , , , , , , , , , , , , , , , , , , , , , , , , , , , , , , , , , , , , , , , , , , , , , , , , , , , , , , , , , , , , , , , , , , , ,7,35
2026266N16138,2026,73,WP,MM,SURIGAE,2026-09-28 21:00:00,NR,28.4,133.5, , , ,PROVISIONAL,391,386,P______________, ,WP252026,28.4,133.5, , ,62,982,0,75,83,80,65, , , , , , , , ,1010,200,20, , , , , , , , , , , , , , , , , , , , , , , , , , , , , , , , , , , , , , , , , , , , , , , , , , , , , , , , , , , , , , , , , , , , , , , , , , , , , , , , , , , , , , , , , , , , , , , , , , , , , , , , , , , , , , , , , , , , , , , , , , , , , , , , , , , ,8,50
2026266N16138,2026,73,WP,MM,SURIGAE,2026-09-29 00:00:00,NR,28.6,133.9, , , ,PROVISIONAL,394, ,O______________,tcvitals,WP252026,28.6,133.9, , ,54,988,0,70,80,80,65, , , , , , , , ,1010,170,35, , , , , , , , , , , , , , , , , , , , , , , , , , , , , , , , , , , , , , , , , , , , , , , , , , , , , , , , , , , , , , , , , , , , , , , , , , , , , , , , , , , , , , , , , , , , , , , , , , , , , , , , , , , , , , , , , , , , , , , , , , , , , , , , , , , ,8,55
2026266N18085,2026,74,NI,BB,UNNAMED,2026-09-22 18:00:00,NR,17.6,84.8, , , ,PROVISIONAL,107,107,O______________,tcvitals,IO012026,17.6,84.8, , ,35,991,0, , , , , , , , , , , , ,1004,220,25, , , , , , , , , , , , , , , , , , , , , , , , , , , , , , , , , , , , , , , , , , , , , , , , , , , , , , , , , , , , , , , , , , , , , , , , , , , , , , , , , , , , , , , , , , , , , , , , , , , , , , , , , , , , , , , , , , , , , , , , , , , , , , , , , , , ,2,110
2026266N18085,2026,74,NI,BB,UNNAMED,2026-09-22 21:00:00,NR,17.6,84.9, , , ,PROVISIONAL,115,115,P______________, ,IO012026,17.6,84.9, , ,37,991,0, , , , , , , , , , , , ,1004,220,23, , , , , , , , , , , , , , , , , , , , , , , , , , , , , , , , , , , , , , , , , , , , , , , , , , , , , , , , , , , , , , , , , , , , , , , , , , , , , , , , , , , , , , , , , , , , , , , , , , , , , , , , , , , , , , , , , , , , , , , , , , , , , , , , , , , ,1,90
2026266N18085,2026,74,NI,BB,UNNAMED,2026-09-23 00:00:00,NR,17.6,84.9, , , ,PROVISIONAL,115,99,O______________,tcvitals,IO012026,17.6,84.9, , ,39,990,0,10,55,65,60, , , , , , , , ,1004,220,20, , , , , , , , , , , , , , , , , , , , , , , , , , , , , , , , , , , , , , , , , , , , , , , , , , , , , , , , , , , , , , , , , , , , , , , , , , , , , , , , , , , , , , , , , , , , , , , , , , , , , , , , , , , , , , , , , , , , , , , , , , , , , , , , , , , ,1,330
2026266N18085,2026,74,NI,BB,UNNAMED,2026-09-23 03:00:00,NR,17.7,84.8, , , ,PROVISIONAL,99,76,P______________, ,IO012026,17.7,84.8, , ,42,990,0,18,48,55,48, , , , , , , , ,1004,220,20, , , , , , , , , , , , , , , , , , , , , , , , , , , , , , , , , , , , , , , , , , , , , , , , , , , , , , , , , , , , , , , , , , , , , , , , , , , , , , , , , , , , , , , , , , , , , , , , , , , , , , , , , , , , , , , , , , , , , , , , , , , , , , , , , , , ,3,305
2026266N18085,2026,74,NI,BB,UNNAMED,2026-09-23 06:00:00,NR,17.8,84.6, , , ,PROVISIONAL,76,59,O______________,tcvitals,IO012026,17.8,84.6, , ,45,990,0,25,40,45,35, , , , , , , , ,1004,220,20, , , , , , , , , , , , , , , , , , , , , , , , , , , , , , , , , , , , , , , , , , , , , , , , , , , , , , , , , , , , , , , , , , , , , , , , , , , , , , , , , , , , , , , , , , , , , , , , , , , , , , , , , , , , , , , , , , , , , , , , , , , , , , , , , , , ,5,285
2026266N18085,2026,74,NI,BB,UNNAMED,2026-09-23 09:00:00,NR,17.8,84.3, , , ,PROVISIONAL,59,45,P______________, ,IO012026,17.8,84.3, , ,45,990,0,25,40,45,35, , , , , , , , ,1004,220,20, , , , , , , , , , , , , , , , , , , , , , , , , , , , , , , , , , , , , , , , , , , , , , , , , , , , , , , , , , , , , , , , , , , , , , , , , , , , , , , , , , , , , , , , , , , , , , , , , , , , , , , , , , , , , , , , , , , , , , , , , , , , , , , , , , , ,6,270
2026266N18085,2026,74,NI,BB,UNNAMED,2026-09-23 12:00:00,NR,17.8,84.0, , , ,PROVISIONAL,45,30,O______________,tcvitals,IO012026,17.8,84.0, , ,45,990,0,25,40,45,35, , , , , , , , ,1004,220,20, , , , , , , , , , , , , , , , , , , , , , , , , , , , , , , , , , , , , , , , , , , , , , , , , , , , , , , , , , , , , , , , , , , , , , , , , , , , , , , , , , , , , , , , , , , , , , , , , , , , , , , , , , , , , , , , , , , , , , , , , , , , , , , , , , , ,5,265
2026266N18085,2026,74,NI,BB,UNNAMED,2026-09-23 15:00:00,NR,17.8,83.8, , , ,PROVISIONAL,30,23,P______________, ,IO012026,17.8,83.8, , ,42,993,0,25,40,45,35, , , , , , , , ,1004,225,20, , , , , , , , , , , , , , , , , , , , , , , , , , , , , , , , , , , , , , , , , , , , , , , , , , , , , , , , , , , , , , , , , , , , , , , , , , , , , , , , , , , , , , , , , , , , , , , , , , , , , , , , , , , , , , , , , , , , , , , , , , , , , , , , , , , ,3,270
2026266N18085,2026,74,NI,BB,UNNAMED,2026-09-23 18:00:00,NR,17.8,83.7, , , ,PROVISIONAL,23,15,O______________,tcvitals,IO012026,17.8,83.7, , ,39,995,0,25,40,45,35, , , , , , , , ,1004,230,20, , , , , , , , , , , , , , , , , , , , , , , , , , , , , , , , , , , , , , , , , , , , , , , , , , , , , , , , , , , , , , , , , , , , , , , , , , , , , , , , , , , , , , , , , , , , , , , , , , , , , , , , , , , , , , , , , , , , , , , , , , , , , , , , , , , ,2,320
2026266N18085,2026,74,NI,BB,UNNAMED,2026-09-23 21:00:00,NR,17.9,83.7, , , ,PROVISIONAL,15,0,P______________, ,IO012026,17.9,83.7, , ,37,991,0,25,40,45,35, , , , , , , , ,1004,273,20, , , , , , , , , , , , , , , , , , , , , , , , , , , , , , , , , , , , , , , , , , , , , , , , , , , , , , , , , , , , , , , , , , , , , , , , , , , , , , , , , , , , , , , , , , , , , , , , , , , , , , , , , , , , , , , , , , , , , , , , , , , , , , , , , , , ,3,0
2026266N18085,2026,74,NI,BB,UNNAMED,2026-09-24 00:00:00,NR,18.1,83.7, , , ,PROVISIONAL,0, ,O______________,tcvitals,IO012026,18.1,83.7, , ,35,987,0,25,40,45,35, , , , , , , , ,1004,315,20, , , , , , , , , , , , , , , , , , , , , , , , , , , , , , , , , , , , , , , , , , , , , , , , , , , , , , , , , , , , , , , , , , , , , , , , , , , , , , , , , , , , , , , , , , , , , , , , , , , , , , , , , , , , , , , , , , , , , , , , , , , , , , , , , , , ,4,5
2026268N09267,2026,75,EP,MM,RACHEL,2026-09-25 00:00:00,DS,9.2,-92.6, , , ,PROVISIONAL,545,515,O______________,nhc_working_bt,EP182026,9.2,-92.6, ,DB,20,1010,-3, , , , , , , , , , , , ,1010,200,50, , , , , , , , , , , , , , , , , , , , , , , , , , , , , , , , , , , , , , , , , , , , , , , , , , , , , , , , , , , , , , , , , , , , , , , , , , , , , , , , , , , , , , , , , , , , , , , , , , , , , , , , , , , , , , , , , , , , , , , , , , , , , , , , , , , ,14,315
2026268N09267,2026,75,EP,MM,RACHEL,2026-09-25 03:00:00,DS,9.7,-93.1, , , ,PROVISIONAL,509,484,P______________, ,EP182026,9.7,-93.1, ,DB,20,1010,-3, , , , , , , , , , , , ,1010,200,50, , , , , , , , , , , , , , , , , , , , , , , , , , , , , , , , , , , , , , , , , , , , , , , , , , , , , , , , , , , , , , , , , , , , , , , , , , , , , , , , , , , , , , , , , , , , , , , , , , , , , , , , , , , , , , , , , , , , , , , , , , , , , , , , , , , ,14,315
2026268N09267,2026,75,EP,MM,RACHEL,2026-09-25 06:00:00,DS,10.2,-93.6, , , ,PROVISIONAL,484,459,O______________,nhc_working_bt,EP182026,10.2,-93.6, ,DB,20,1010,-3, , , , , , , , , , , , ,1010,200,50, , , , , , , , , , , , , , , , , , , , , , , , , , , , , , , , , , , , , , , , , , , , , , , , , , , , , , , , , , , , , , , , , , , , , , , , , , , , , , , , , , , , , , , , , , , , , , , , , , , , , , , , , , , , , , , , , , , , , , , , , , , , , , , , , , , ,15,320
2026268N09267,2026,75,EP,MM,RACHEL,2026-09-25 09:00:00,DS,10.8,-94.1, , , ,PROVISIONAL,455,445,P______________, ,EP182026,10.8,-94.1, ,DB,20,1010,-3, , , , , , , , , , , , ,1010,200,50, , , , , , , , , , , , , , , , , , , , , , , , , , , , , , , , , , , , , , , , , , , , , , , , , , , , , , , , , , , , , , , , , , , , , , , , , , , , , , , , , , , , , , , , , , , , , , , , , , , , , , , , , , , , , , , , , , , , , , , , , , , , , , , , , , , ,14,315
2026268N09267,2026,75,EP,MM,RACHEL,2026-09-25 12:00:00,DS,11.2,-94.6, , , ,PROVISIONAL,451,451,O______________,nhc_working_bt,EP182026,11.2,-94.6, ,DB,20,1010,-3, , , , , , , , , , , , ,1010,200,50, , , , , , , , , , , , , , , , , , , , , , , , , , , , , , , , , , , , , , , , , , , , , , , , , , , , , , , , , , , , , , , , , , , , , , , , , , , , , , , , , , , , , , , , , , , , , , , , , , , , , , , , , , , , , , , , , , , , , , , , , , , , , , , , , , , ,11,295
2026268N09267,2026,75,EP,MM,RACHEL,2026-09-25 15:00:00,DS,11.3,-95.1, , , ,PROVISIONAL,476,476,P______________, ,EP182026,11.3,-95.1, ,DB,20,1010,-3, , , , , , , , , , , , ,1010,200, , , , , , , , , , , , , , , , , , , , , , , , , , , , , , , , , , , , , , , , , , , , , , , , , , , , , , , , , , , , , , , , , , , , , , , , , , , , , , , , , , , , , , , , , , , , , , , , , , , , , , , , , , , , , , , , , , , , , , , , , , , , , , , , , , , , ,10,270
2026268N09267,2026,75,EP,MM,RACHEL,2026-09-25 18:00:00,DS,11.2,-95.6, , , ,PROVISIONAL,504,498,O______________,nhc_working_bt,EP182026,11.2,-95.6, ,DB,20,1009,-3, , , , , , , , , , , , ,1010,200, , , , , , , , , , , , , , , , , , , , , , , , , , , , , , , , , , , , , , , , , , , , , , , , , , , , , , , , , , , , , , , , , , , , , , , , , , , , , , , , , , , , , , , , , , , , , , , , , , , , , , , , , , , , , , , , , , , , , , , , , , , , , , , , , , , , ,7,270
2026268N09267,2026,75,EP,MM,RACHEL,2026-09-25 21:00:00,DS,11.2,-95.9, , , ,PROVISIONAL,498,484,P______________, ,EP182026,11.2,-95.9, ,DB,23,1009,-3, , , , , , , , , , , , ,1010,210, , , , , , , , , , , , , , , , , , , , , , , , , , , , , , , , , , , , , , , , , , , , , , , , , , , , , , , , , , , , , , , , , , , , , , , , , , , , , , , , , , , , , , , , , , , , , , , , , , , , , , , , , , , , , , , , , , , , , , , , , , , , , , , , , , , , ,5,280
2026268N09267,2026,75,EP,MM,RACHEL,2026-09-26 00:00:00,DS,11.3,-96.1, , , ,PROVISIONAL,484,481,O______________,nhc_working_bt,EP182026,11.3,-96.1, ,DB,25,1008,-3, , , , , , , , , , , , ,1009,220,60, , , , , , , , , , , , , , , , , , , , , , , , , , , , , , , , , , , , , , , , , , , , , , , , , , , , , , , , , , , , , , , , , , , , , , , , , , , , , , , , , , , , , , , , , , , , , , , , , , , , , , , , , , , , , , , , , , , , , , , , , , , , , , , , , , , ,5,280
2026268N09267,2026,75,EP,MM,RACHEL,2026-09-26 03:00:00,DS,11.3,-96.4, , , ,PROVISIONAL,481,470,P______________, ,EP182026,11.3,-96.4, ,DB,25,1008,-3, , , , , , , , , , , , ,1009,220,60, , , , , , , , , , , , , , , , , , , , , , , , , , , , , , , , , , , , , , , , , , , , , , , , , , , , , , , , , , , , , , , , , , , , , , , , , , , , , , , , , , , , , , , , , , , , , , , , , , , , , , , , , , , , , , , , , , , , , , , , , , , , , , , , , , , ,6,280
2026268N09267,2026,75,EP,MM,RACHEL,2026-09-26 06:00:00,DS,11.4,-96.7, , , ,PROVISIONAL,470,459,O______________,nhc_working_bt,EP182026,11.4,-96.7, ,DB,25,1008,-3, , , , , , , , , , , , ,1009,220,60, , , , , , , , , , , , , , , , , , , , , , , , , , , , , , , , , , , , , , , , , , , , , , , , , , , , , , , , , , , , , , , , , , , , , , , , , , , , , , , , , , , , , , , , , , , , , , , , , , , , , , , , , , , , , , , , , , , , , , , , , ,35, , , , , , , , , ,7,290
2026268N09267,2026,75,EP,MM,RACHEL,2026-09-26 09:00:00,DS,11.5,-97.0, , , ,PROVISIONAL,461,441,P______________, ,EP182026,11.5,-97.0, ,DB,25,1008,-3, , , , , , , , , , , , ,1010,225,60, , , , , , , , , , , , , , , , , , , , , , , , , , , , , , , , , , , , , , , , , , , , , , , , , , , , , , , , , , , , , , , , , , , , , , , , , , , , , , , , , , , , , , , , , , , , , , , , , , , , , , , , , , , , , , , , , , , , , , , , , , , , , , , , , , , ,7,295
2026268N09267,2026,75,EP,MM,RACHEL,2026-09-26 12:00:00,DS,11.7,-97.3, , , ,PROVISIONAL,443,434,O______________,nhc_working_bt,EP182026,11.7,-97.3, ,DB,25,1008,-3, , , , , , , , , , , , ,1010,230,60, , , , , , , , , , , , , , , , , , , , , , , , , , , , , , , , , , , , , , , , , , , , , , , , , , , , , , , , , , , , , , , , , , , , , , , , , , , , , , , , , , , , , , , , , , , , , , , , , , , , , , , , , , , , , , , , , , , , , , , , , ,35, , , , , , , , , ,5,300
2026268N09267,2026,75,EP,MM,RACHEL,2026-09-26 15:00:00,DS,11.8,-97.5, , , ,PROVISIONAL,436,425,P______________, ,EP182026,11.8,-97.5, ,DB,25,1008,-3, , , , , , , , , , , , ,1010,230,60, , , , , , , , , , , , , , , , , , , , , , , , , , , , , , , , , , , , , , , , , , , , , , , , , , , , , , , , , , , , , , , , , , , , , , , , , , , , , , , , , , , , , , , , , , , , , , , , , , , , , , , , , , , , , , , , , , , , , , , , , , , , , , , , , , , ,4,305
2026268N09267,2026,75,EP,MM,RACHEL,2026-09-26 18:00:00,DS,11.9,-97.6, , , ,PROVISIONAL,428,420,O______________,nhc_working_bt,EP182026,11.9,-97.6, ,DB,25,1008,-3, , , , , , , , , , , , ,1010,230,60, , , , , , , , , , , , , , , , , , , , , , , , , , , , , , , , , , , , , , , , , , , , , , , , , , , , , , , , , , , , , , , , , , , , , , , , , , , , , , , , , , , , , , , , , , , , , , , , , , , , , , , , , , , , , , , , , , , , , , , , , ,35, , , , , , , , , ,4,310
2026268N09267,2026,75,EP,MM,RACHEL,2026-09-26 21:00:00,DS,12.1,-97.8, , , ,PROVISIONAL,412,405,P______________, ,EP182026,12.1,-97.8, ,DB,25,1008,-3, , , , , , , , , , , , ,1010,230,60, , , , , , , , , , , , , , , , , , , , , , , , , , , , , , , , , , , , , , , , , , , , , , , , , , , , , , , , , , , , , , , , , , , , , , , , , , , , , , , , , , , , , , , , , , , , , , , , , , , , , , , , , , , , , , , , , , , , , , , , , , , , , , , , , , , ,4,315
2026268N09267,2026,75,EP,MM,RACHEL,2026-09-27 00:00:00,DS,12.2,-97.9, , , ,PROVISIONAL,405,395,O______________,nhc_working_bt,EP182026,12.2,-97.9, ,DB,25,1008,-3, , , , , , , , , , , , ,1010,230,60, , , , , , , , , , , , , , , , , , , , , , , , , , , , , , , , , , , , , , , , , , , , , , , , , , , , , , , , , , , , , , , , , , , , , , , , , , , , , , , , , , , , , , , , , , , , , , , , , , , , , , , , , , , , , , , , , , , , , , , , , ,35, , , , , , , , , ,4,315
2026268N09267,2026,75,EP,MM,RACHEL,2026-09-27 03:00:00,DS,12.3,-98.0, , , ,PROVISIONAL,399,399,P______________, ,EP182026,12.3,-98.0, ,DB,28,1008,-3, , , , , , , , , , , , ,1011,245,65, , , , , , , , , , , , , , , , , , , , , , , , , , , , , , , , , , , , , , , , , , , , , , , , , , , , , , , , , , , , , , , , , , , , , , , , , , , , , , , , , , , , , , , , , , , , , , , , , , , , , , , , , , , , , , , , , , , , , , , , , , , , , , , , , , , ,4,285
2026268N09267,2026,75,EP,MM,RACHEL,2026-09-27 06:00:00,TS,12.3,-98.3, , , ,PROVISIONAL,412,407,O______________,nhc_working_bt,EP182026,12.4,-98.1, ,TD,30,1008,-1, , , , , , , , , , , , ,1012,260,70, , , , , , , , , , , , , , , , , , , , , , , , , , , , , , , , , , , , , , , , , , , , , , , , , , , , , , , , , , , , , , , , , , , , , , , , , , , , , , , , , , , , , , , , , , , , , , , , , , , , , , , , , , , , , , , , , , , , , , , , , , , , , , , , , , , ,5,280
2026268N09267,2026,75,EP,MM,RACHEL,2026-09-27 09:00:00,TS,12.4,-98.5, , , ,PROVISIONAL,410,399,P______________, ,EP182026,12.5,-98.2, ,TD,30,1007,-1, , , , , , , , , , , , ,1011,250,70, , , , , , , , , , , , , , , , , , , , , , , , , , , , , , , , , , , , , , , , , , , , , , , , , , , , , , , , , , , , , , , , , , , , , , , , , , , , , , , , , , , , , , , , , , , , , , , , , , , , , , , , , , , , , , , , , , , , , , , , , , , , , , , , , , , ,3,310
2026268N09267,2026,75,EP,MM,RACHEL,2026-09-27 12:00:00,TS,12.5,-98.6, , , ,PROVISIONAL,399,390,O______________,nhc_working_bt,EP182026,12.6,-98.4, ,TD,30,1006,-1, , , , , , , , , , , , ,1010,240,70, , , , , , , , , , , , , , , , , , , , , , , , , , , , , , , , , , , , , , , , , , , , , , , , , , , , , , , , , , , , , , , , , , , , , , , , , , , , , , , , , , , , , , , , , , , , , , , , , , , , , , , , , , , , , , , , , , , , , , , , , ,40, , , , , , , , , ,3,315
2026268N09267,2026,75,EP,MM,RACHEL,2026-09-27 15:00:00,TS,12.6,-98.7, , , ,PROVISIONAL,392,384,P______________, ,EP182026,12.7,-98.6, ,TD,33,1006,-1, , , , , , , , , , , , ,1011,240,60, , , , , , , , , , , , , , , , , , , , , , , , , , , , , , , , , , , , , , , , , , , , , , , , , , , , , , , , , , , , , , , , , , , , , , , , , , , , , , , , , , , , , , , , , , , , , , , , , , , , , , , , , , , , , , , , , , , , , , , , , , , , , , , , , , , ,4,305
2026268N09267,2026,75,EP,MM,RACHEL,2026-09-27 18:00:00,TS,12.7,-98.9, , , ,PROVISIONAL,387,387,O______________,nhc_working_bt,EP182026,12.7,-98.9, ,TS,35,1005,0,60,60,60,0, , , , , , , , ,1011,240,50, , , , , , , , , , , , , , , , , , , , , , , , , , , , , , , , , , , , , , , , , , , , , , , , , , , , , , , , , , , , , , , , , , , , , , , , , , , , , , , , , , , , , , , , , , , , , , , , , , , , , , , , , , , , , , , , , , , , , , , , , ,45, , , , , , , , , ,5,285
2026268N09267,2026,75,EP,MM,RACHEL,2026-09-27 21:00:00,TS,12.7,-99.2, , , ,PROVISIONAL,399,393,P______________, ,EP182026,12.7,-99.2, ,TS,35,1004,0,90,70,70,60, , , , , , , , ,1010,200,50, , , , , , , , , , , , , , , , , , , , , , , , , , , , , , , , , , , , , , , , , , , , , , , , , , , , , , , , , , , , , , , , , , , , , , , , , , , , , , , , , , , , , , , , , , , , , , , , , , , , , , , , , , , , , , , , , , , , , , , , , , , , , , , , , , , ,6,280
2026268N09267,2026,75,EP,MM,RACHEL,2026-09-28 00:00:00,TS,12.8,-99.5, , , ,PROVISIONAL,402,395,O______________,nhc_working_bt,EP182026,12.8,-99.5, ,TS,35,1003,0,120,80,80,120, , , , , , , , ,1008,160,50, , , , , , , , , , , , , , , , , , , , , , , , , , , , , , , , , , , , , , , , , , , , , , , , , , , , , , , , , , , , , , , , , , , , , , , , , , , , , , , , , , , , , , , , , , , , , , , , , , , , , , , , , , , , , , , , , , , , , , , , , ,45, , , , , , , , , ,6,290
2026268N09267,2026,75,EP,MM,RACHEL,2026-09-28 03:00:00,TS,13.0,-99.8, , , ,PROVISIONAL,391,378,P______________, ,EP182026,12.9,-99.9, ,TS,38,1002,0,100,110,110,80, , , , , , , , ,1009,165,50, , , , , , , , , , , , , , , , , , , , , , , , , , , , , , , , , , , , , , , , , , , , , , , , , , , , , , , , , , , , , , , , , , , , , , , , , , , , , , , , , , , , , , , , , , , , , , , , , , , , , , , , , , , , , , , , , , , , , , , , , , , , , , , , , , , ,7,305
2026268N09267,2026,75,EP,MM,RACHEL,2026-09-28 06:00:00,TS,13.2,-100.1, , , ,PROVISIONAL,382,376,O______________,nhc_working_bt,EP182026,13.1,-100.2, ,TS,40,1001,0,80,140,140,40, , , , , , , , ,1009,170,50, , , , , , , , , , , , , , , , , , , , , , , , , , , , , , , , , , , , , , , , , , , , , , , , , , , , , , , , , , , , , , , , , , , , , , , , , , , , , , , , , , , , , , , , , , , , , , , , , , , , , , , , , , , , , , , , , , , , , , , , , ,50, , , , ,12,75, , ,45,8,305
2026268N09267,2026,75,EP,MM,RACHEL,2026-09-28 09:00:00,TS,13.4,-100.4, , , ,PROVISIONAL,376,363,P______________, ,EP182026,13.3,-100.5, ,TS,43,1000,0,80,140,140,40, , , , , , , , ,1009,170,50, , , , , , , , , , , , , , , , , , , , , , , , , , , , , , , , , , , , , , , , , , , , , , , , , , , , , , , , , , , , , , , , , , , , , , , , , , , , , , , , , , , , , , , , , , , , , , , , , , , , , , , , , , , , , , , , , , , , , , , , , , , , , , ,12,98, , ,68,8,300
2026268N09267,2026,75,EP,MM,RACHEL,2026-09-28 12:00:00,TS,13.6,-100.8, , , ,PROVISIONAL,366,359,O______________,nhc_working_bt,EP182026,13.6,-100.8, ,TS,45,999,0,80,140,140,40, , , , , , , , ,1009,170,50, , , , , , , , , , , , , , , , , , , , , , , , , , , , , , , , , , , , , , , , , , , , , , , , , , , , , , , , , , , , , , , , , , , , , , , , , , , , , , , , , , , , , , , , , , , , , , , , , , , , , , , , , , , , , , , , , , , , , , , , , ,55, , , , ,12,120,90,60,90,8,295
2026268N09267,2026,75,EP,MM,RACHEL,2026-09-28 15:00:00,TS,13.8,-101.1, , , ,PROVISIONAL,357,357,P______________, ,EP182026,13.8,-101.2, ,TS,45,999,0,80,140,140,40, , , , , , , , ,1009,170,50, , , , , , , , , , , , , , , , , , , , , , , , , , , , , , , , , , , , , , , , , , , , , , , , , , , , , , , , , , , , , , , , , , , , , , , , , , , , , , , , , , , , , , , , , , , , , , , , , , , , , , , , , , , , , , , , , , , , , , , , , , , , , , ,12,150,105,68,105,8,295
2026268N09267,2026,75,EP,MM,RACHEL,2026-09-28 18:00:00,TS,13.9,-101.5, , , ,PROVISIONAL,368,366,O______________,nhc_working_bt,EP182026,13.9,-101.6, ,TS,45,999,0,80,140,140,40, , , , , , , , ,1009,170,50, , , , , , , , , , , , , , , , , , , , , , , , , , , , , , , , , , , , , , , , , , , , , , , , , , , , , , , , , , , , , , , , , , , , , , , , , , , , , , , , , , , , , , , , , , , , , , , , , , , , , , , , , , , , , , , , , , , , , , , , , ,55, , , , ,12,180,120,75,120,9,290
2026268N09267,2026,75,EP,MM,RACHEL,2026-09-28 21:00:00,TS,14.1,-102.0, , , ,PROVISIONAL,370,363,P______________, ,EP182026,14.1,-102.0, ,TS,48,998,0,85,140,140,50, , , , , , , , ,1009,170,40, , , , , , , , , , , , , , , , , , , , , , , , , , , , , , , , , , , , , , , , , , , , , , , , , , , , , , , , , , , , , , , , , , , , , , , , , , , , , , , , , , , , , , , , , , , , , , , , , , , , , , , , , , , , , , , , , , , , , , , , , , , , , , ,12,195,135,83,135,10,295
2026268N09267,2026,75,EP,MM,RACHEL,2026-09-29 00:00:00,TS,14.3,-102.5, , , ,PROVISIONAL,367, ,O______________,nhc_working_bt,EP182026,14.3,-102.5, ,TS,50,997,0,90,140,140,60,40,0,0,0, , , , ,1009,170,30, , , , , , , , , , , , , , , , , , , , , , , , , , , , , , , , , , , , , , , , , , , , , , , , , , , , , , , , , , , , , , , , , , , , , , , , , , , , , , , , , , , , , , , , , , , , , , , , , , , , , , , , , , , , , , , , , , , , , , , , , ,60, , , , ,12,210,150,90,150,11,295
2026270N28302,2026,76,NA,NA,HANNA,2026-09-26 18:00:00,DS,27.5,-58.3, , , ,PROVISIONAL,1261,1261,O______________,nhc_working_bt,AL082026,27.5,-58.3, ,DB,20,1016,-3, , , , , , , , , , , , ,1018,120,90, , , , , , , , , , , , , , , , , , , , , , , , , , , , , , , , , , , , , , , , , , , , , , , , , , , , , , , , , , , , , , , , , , , , , , , , , , , , , , , , , , , , , , , , , , , , , , , , , , , , , , , , , , , , , , , , , , , , , , , , , , , , , , , , , , , ,15,5
2026270N28302,2026,76,NA,NA,HANNA,2026-09-26 21:00:00,DS,28.2,-58.2, , , ,PROVISIONAL,1329,1329,P______________, ,AL082026,28.2,-58.2, ,DB,20,1016,-3, , , , , , , , , , , , ,1018,120,90, , , , , , , , , , , , , , , , , , , , , , , , , , , , , , , , , , , , , , , , , , , , , , , , , , , , , , , , , , , , , , , , , , , , , , , , , , , , , , , , , , , , , , , , , , , , , , , , , , , , , , , , , , , , , , , , , , , , , , , , , , , , , , , , , , , ,16,5
2026270N28302,2026,76,NA,NA,HANNA,2026-09-27 00:00:00,DS,29.1,-58.2, , , ,PROVISIONAL,1412,1412,O______________,nhc_working_bt,AL082026,29.1,-58.2, ,DB,20,1016,-3, , , , , , , , , , , , ,1018,120,90, , , , , , , , , , , , , , , , , , , , , , , , , , , , , , , , , , , , , , , , , , , , , , , , , , , , , , , , , , , , , , , , , , , , , , , , , , , , , , , , , , , , , , , , , , , , , , , , , , , , , , , , , , , , , , , , , , , , , , , , , , , , , , , , , , , ,19,5
2026270N28302,2026,76,NA,NA,HANNA,2026-09-27 03:00:00,DS,30.1,-58.1, , , ,PROVISIONAL,1511,1511,P______________, ,AL082026,30.1,-58.1, ,DB,23,1016,-3, , , , , , , , , , , , ,1018,120,85, , , , , , , , , , , , , , , , , , , , , , , , , , , , , , , , , , , , , , , , , , , , , , , , , , , , , , , , , , , , , , , , , , , , , , , , , , , , , , , , , , , , , , , , , , , , , , , , , , , , , , , , , , , , , , , , , , , , , , , , , , , , , , , , , , , ,21,5
2026270N28302,2026,76,NA,NA,HANNA,2026-09-27 06:00:00,DS,31.2,-58.0, , , ,PROVISIONAL,1512,1438,O______________,nhc_working_bt,AL082026,31.2,-58.0, ,DB,25,1015,-3, , , , , , , , , , , , ,1018,120,80, , , , , , , , , , , , , , , , , , , , , , , , , , , , , , , , , , , , , , , , , , , , , , , , , , , , , , , , , , , , , , , , , , , , , , , , , , , , , , , , , , , , , , , , , , , , , , , , , , , , , , , , , , , , , , , , , , , , , , , , , , , , , , , , , , , ,20,10
2026270N28302,2026,76,NA,NA,HANNA,2026-09-27 09:00:00,DS,32.1,-57.7, , , ,PROVISIONAL,1432,1369,P______________, ,AL082026,32.1,-57.7, ,DB,28,1015,-3, , , , , , , , , , , , ,1017,120,80, , , , , , , , , , , , , , , , , , , , , , , , , , , , , , , , , , , , , , , , , , , , , , , , , , , , , , , , , , , , , , , , , , , , , , , , , , , , , , , , , , , , , , , , , , , , , , , , , , , , , , , , , , , , , , , , , , , , , , , , , , , , , , , , , , , ,18,20
2026270N28302,2026,76,NA,NA,HANNA,2026-09-27 12:00:00,DS,32.9,-57.3, , , ,PROVISIONAL,1369,1324,O______________,nhc_working_bt,AL082026,32.9,-57.3, ,DB,30,1014,-3, , , , , , , , , , , , ,1016,120,80, , , , , , , , , , , , , , , , , , , , , , , , , , , , , , , , , , , , , , , , , , , , , , , , , , , , , , , , , , , , , , , , , , , , , , , , , , , , , , , , , , , , , , , , , , , , , , , , , , , , , , , , , , , , , , , , , , , , , , , , , , , , , , , , , , , ,18,30
2026270N28302,2026,76,NA,NA,HANNA,2026-09-27 15:00:00,DS,33.7,-56.7, , , ,PROVISIONAL,1319,1274,P______________, ,AL082026,33.7,-56.7, ,DB,30,1014,-3, , , , , , , , , , , , ,1016,115,80, , , , , , , , , , , , , , , , , , , , , , , , , , , , , , , , , , , , , , , , , , , , , , , , , , , , , , , , , , , , , , , , , , , , , , , , , , , , , , , , , , , , , , , , , , , , , , , , , , , , , , , , , , , , , , , , , , , , , , , , , , , , , , , , , , , ,18,35
2026270N28302,2026,76,NA,NA,HANNA,2026-09-27 18:00:00,DS,34.4,-56.1, , , ,PROVISIONAL,1274,1216,O______________,nhc_working_bt,AL082026,34.4,-56.1, ,DB,30,1013,-3, , , , , , , , , , , , ,1015,110,80, , , , , , , , , , , , , , , , , , , , , , , , , , , , , , , , , , , , , , , , , , , , , , , , , , , , , , , , , , , , , , , , , , , , , , , , , , , , , , , , , , , , , , , , , , , , , , , , , , , , , , , , , , , , , , , , , , , , , , , , , , , , , , , , , , , ,17,35
2026270N28302,2026,76,NA,NA,HANNA,2026-09-27 21:00:00,DS,35.1,-55.6, , , ,PROVISIONAL,1216,1174,P______________, ,AL082026,35.1,-55.6, ,DB,30,1013,-3, , , , , , , , , , , , ,1015,110,80, , , , , , , , , , , , , , , , , , , , , , , , , , , , , , , , , , , , , , , , , , , , , , , , , , , , , , , , , , , , , , , , , , , , , , , , , , , , , , , , , , , , , , , , , , , , , , , , , , , , , , , , , , , , , , , , , , , , , , , , , , , , , , , , , , , ,16,35
2026270N28302,2026,76,NA,NA,HANNA,2026-09-28 00:00:00,DS,35.7,-55.0, , , ,PROVISIONAL,1174,1165,O______________,nhc_working_bt,AL082026,35.7,-55.0, ,DB,30,1013,-3, , , , , , , , , , , , ,1015,110,80, , , , , , , , , , , , , , , , , , , , , , , , , , , , , , , , , , , , , , , , , , , , , , , , , , , , , , , , , , , , , , , , , , , , , , , , , , , , , , , , , , , , , , , , , , , , , , , , , , , , , , , , , , , , , , , , , , , , , , , , , , , , , , , , , , , ,15,50
2026270N28302,2026,76,NA,NA,HANNA,2026-09-28 03:00:00,DS,36.1,-54.1, , , ,PROVISIONAL,1168,1145,P______________, ,AL082026,36.1,-54.1, ,DB,30,1013,-3, , , , , , , , , , , , ,1015,105,80, , , , , , , , , , , , , , , , , , , , , , , , , , , , , , , , , , , , , , , , , , , , , , , , , , , , , , , , , , , , , , , , , , , , , , , , , , , , , , , , , , , , , , , , , , , , , , , , , , , , , , , , , , , , , , , , , , , , , , , , , , , , , , , , , , , ,16,70
2026270N28302,2026,76,NA,NA,HANNA,2026-09-28 06:00:00,DS,36.3,-53.1, , , ,PROVISIONAL,1145,1125,O______________,nhc_working_bt,AL082026,36.3,-53.1, ,DB,30,1013,-3, , , , , , , , , , , , ,1014,100,80, , , , , , , , , , , , , , , , , , , , , , , , , , , , , , , , , , , , , , , , , , , , , , , , , , , , , , , , , , , , , , , , , , , , , , , , , , , , , , , , , , , , , , , , , , , , , , , , , , , , , , , , , , , , , , , , , , , , , , , , , , , , , , , , , , , ,16,75
2026270N28302,2026,76,NA,NA,HANNA,2026-09-28 09:00:00,DS,36.6,-52.2, , , ,PROVISIONAL,1115,1108,P______________, ,AL082026,36.6,-52.2, ,DB,35,1010,-3, ,40, , , , , , , , , , ,1014,100,70, , , , , , , , , , , , , , , , , , , , , , , , , , , , , , , , , , , , , , , , , , , , , , , , , , , , , , , , , , , , , , , , , , , , , , , , , , , , , , , , , , , , , , , , , , , , , , , , , , , , , , , , , , , , , , , , , , , , , , , , , , , , , , , , , , , ,15,75
2026270N28302,2026,76,NA,NA,HANNA,2026-09-28 12:00:00,TS,36.7,-51.3, , , ,PROVISIONAL,1112,1112,O______________,nhc_working_bt,AL082026,36.7,-51.3, ,TS,40,1006,0,0,80,0,0, , , , , , , , ,1014,100,60, , , , , , , , , , , , , , , , , , , , , , , , , , , , , , , , , , , , , , , , , , , , , , , , , , , , , , , , , , , , , , , , , , , , , , , , , , , , , , , , , , , , , , , , , , , , , , , , , , , , , , , , , , , , , , , , , , , , , , , , , ,50, , , , , , , , , ,14,85
2026270N28302,2026,76,NA,NA,HANNA,2026-09-28 15:00:00,TS,36.7,-50.4, , , ,PROVISIONAL,1125,1125,P______________, ,AL082026,36.7,-50.4, ,TS,40,1006,0,30,80,0,0, , , , , , , , ,1014,105,60, , , , , , , , , , , , , , , , , , , , , , , , , , , , , , , , , , , , , , , , , , , , , , , , , , , , , , , , , , , , , , , , , , , , , , , , , , , , , , , , , , , , , , , , , , , , , , , , , , , , , , , , , , , , , , , , , , , , , , , , , , , , , , , , , , , ,14,95
2026270N28302,2026,76,NA,NA,HANNA,2026-09-28 18:00:00,TS,36.6,-49.6, , , ,PROVISIONAL,1151,1151,O______________,nhc_working_bt,AL082026,36.6,-49.6, ,TS,40,1006,0,60,80,0,0, , , , , , , , ,1014,110,60, , , , , , , , , , , , , , , , , , , , , , , , , , , , , , , , , , , , , , , , , , , , , , , , , , , , , , , , , , , , , , , , , , , , , , , , , , , , , , , , , , , , , , , , , , , , , , , , , , , , , , , , , , , , , , , , , , , , , , , , , ,50, , , , , , , , , ,12,105
2026270N28302,2026,76,NA,NA,HANNA,2026-09-28 21:00:00,TS,36.4,-48.9, , , ,PROVISIONAL,1189,1189,P______________, ,AL082026,36.4,-48.9, ,TS,40,1004,0,60,80,0,0, , , , , , , , ,1015,110,60, , , , , , , , , , , , , , , , , , , , , , , , , , , , , , , , , , , , , , , , , , , , , , , , , , , , , , , , , , , , , , , , , , , , , , , , , , , , , , , , , , , , , , , , , , , , , , , , , , , , , , , , , , , , , , , , , , , , , , , , , , , , , , , , , , , ,12,115
2026270N28302,2026,76,NA,NA,HANNA,2026-09-29 00:00:00,TS,36.1,-48.3, , , ,PROVISIONAL,1236, ,O______________,nhc_working_bt,AL082026,36.1,-48.3, ,TS,40,1002,0,60,80,0,0, , , , , , , , ,1015,110,60, , , , , , , , , , , , , , , , , , , , , , , , , , , , , , , , , , , , , , , , , , , , , , , , , , , , , , , , , , , , , , , , , , , , , , , , , , , , , , , , , , , , , , , , , , , , , , , , , , , , , , , , , , , , , , , , , , , , , , , , , ,50, , , , ,12, ,60, , ,12,115
